order_id,customer_name,city,product_name,category,price,quantity,revenue,order_date
1,Priya,Hyderabad,Monitor,Electronics,11750,1,11750,23-05-2023
2,Priya,Delhi,Phone,Electronics,30104,2,60208,02-02-2023
3,Rahul,Hyderabad,Keyboard,Accessories,1238,3,3714,28-01-2023
4,Rohit,Bangalore,Table,Furniture,9725,2,19450,12-10-2023
5,Rahul,Bangalore,Table,Furniture,9848,2,19696,09-06-2023
6,Sneha,Chennai,Phone,Electronics,29594,2,59188,10-04-2023
7,Anita,Chennai,Monitor,Electronics,12326,1,12326,15-04-2024
8,Rohit,Hyderabad,Table,Furniture,9580,3,28740,28-10-2023
9,Neha,Chennai,Keyboard,Accessories,1721,1,1721,16-02-2023
10,Sneha,Chennai,Phone,Electronics,30375,1,30375,14-04-2023
11,Kiran,Chennai,Mouse,Accessories,950,2,1900,16-06-2023
12,Anita,Chennai,Keyboard,Accessories,1686,2,3372,15-03-2023
13,Neha,Bangalore,Keyboard,Accessories,1167,2,2334,24-01-2024
14,Vikram,Delhi,Keyboard,Accessories,1701,2,3402,27-02-2023
15,Sneha,Hyderabad,Chair,Furniture,7910,2,15820,09-03-2023
16,Sneha,Delhi,Chair,Furniture,7717,3,23151,26-05-2024
17,Kiran,Mumbai,Headphones,Accessories,2771,1,2771,10-09-2023
18,Rohit,Delhi,Monitor,Electronics,12264,3,36792,14-03-2024
19,Neha,Mumbai,Chair,Furniture,7724,1,7724,05-06-2024
20,Meera,Hyderabad,Laptop,Electronics,70381,1,70381,06-06-2023
21,Arun,Mumbai,Phone,Electronics,29894,2,59788,24-04-2024
22,Rohit,Chennai,Laptop,Electronics,70196,3,210588,28-04-2023
23,Rohit,Chennai,Chair,Furniture,7614,2,15228,21-03-2024
24,Arun,Mumbai,Laptop,Electronics,70476,3,211428,27-09-2023
25,Rohit,Bangalore,Phone,Electronics,30391,3,91173,02-11-2023
26,Rohit,Delhi,Keyboard,Accessories,1156,2,2312,15-06-2023
27,Rohit,Delhi,Laptop,Electronics,70113,2,140226,15-05-2024
28,Rahul,Hyderabad,Chair,Furniture,8399,2,16798,03-09-2023
29,Rahul,Bangalore,Phone,Electronics,29587,3,88761,12-05-2024
30,Priya,Delhi,Headphones,Accessories,2631,3,7893,01-05-2024
31,Rohit,Bangalore,Monitor,Electronics,12040,3,36120,09-03-2024
32,Sneha,Delhi,Keyboard,Accessories,1730,2,3460,13-02-2024
33,Anita,Mumbai,Mouse,Accessories,423,1,423,19-08-2023
34,Priya,Chennai,Laptop,Electronics,70102,3,210306,24-08-2023
35,Neha,Bangalore,Laptop,Electronics,69572,3,208716,02-03-2023
36,Sneha,Hyderabad,Laptop,Electronics,70380,2,140760,14-03-2023
37,Rohit,Bangalore,Monitor,Electronics,12185,2,24370,08-08-2023
38,Rohit,Bangalore,Mouse,Accessories,548,2,1096,21-02-2024
39,Sneha,Hyderabad,Phone,Electronics,30174,2,60348,29-12-2023
40,Kiran,Mumbai,Mouse,Accessories,1184,3,3552,25-02-2023
41,Priya,Hyderabad,Table,Furniture,10245,2,20490,22-04-2023
42,Sneha,Bangalore,Keyboard,Accessories,1549,2,3098,24-05-2023
43,Kiran,Bangalore,Monitor,Electronics,11973,1,11973,19-03-2023
44,Meera,Delhi,Phone,Electronics,29551,3,88653,07-07-2024
45,Rahul,Hyderabad,Keyboard,Accessories,1170,2,2340,12-05-2024
46,Meera,Bangalore,Table,Furniture,10424,1,10424,18-06-2023
47,Kiran,Hyderabad,Table,Furniture,9771,2,19542,20-10-2023
48,Kiran,Delhi,Mouse,Accessories,458,1,458,31-10-2023
49,Sneha,Hyderabad,Laptop,Electronics,70265,2,140530,28-02-2023
50,Rahul,Delhi,Mouse,Accessories,814,3,2442,11-06-2023
51,Rahul,Delhi,Phone,Electronics,30371,1,30371,12-03-2023
52,Neha,Hyderabad,Keyboard,Accessories,1413,1,1413,06-08-2024
53,Sneha,Delhi,Laptop,Electronics,70134,1,70134,05-03-2024
54,Neha,Delhi,Chair,Furniture,8457,2,16914,29-07-2023
55,Anita,Bangalore,Monitor,Electronics,11905,1,11905,04-11-2023
56,Meera,Chennai,Phone,Electronics,29509,2,59018,30-07-2024
57,Priya,Hyderabad,Keyboard,Accessories,1518,2,3036,16-05-2023
58,Anita,Hyderabad,Keyboard,Accessories,1378,2,2756,11-06-2023
59,Meera,Delhi,Monitor,Electronics,12126,3,36378,25-06-2024
60,Rahul,Delhi,Monitor,Electronics,12454,3,37362,17-04-2023
61,Arun,Chennai,Phone,Electronics,30411,1,30411,20-07-2024
62,Arun,Chennai,Monitor,Electronics,12119,1,12119,18-12-2023
63,Sneha,Chennai,Mouse,Accessories,557,1,557,05-04-2023
64,Kiran,Chennai,Laptop,Electronics,69503,2,139006,14-05-2023
65,Vikram,Bangalore,Mouse,Accessories,864,3,2592,13-03-2024
66,Rohit,Hyderabad,Phone,Electronics,29577,3,88731,02-06-2023
67,Rohit,Hyderabad,Chair,Furniture,8096,3,24288,01-06-2023
68,Kiran,Bangalore,Laptop,Electronics,69815,2,139630,10-02-2023
69,Anita,Bangalore,Keyboard,Accessories,1682,1,1682,29-12-2023
70,Rohit,Mumbai,Headphones,Accessories,3447,1,3447,16-06-2023
71,Arun,Mumbai,Laptop,Electronics,69683,3,209049,07-12-2023
72,Kiran,Bangalore,Monitor,Electronics,11663,3,34989,21-04-2023
73,Kiran,Hyderabad,Mouse,Accessories,527,1,527,16-04-2024
74,Anita,Chennai,Keyboard,Accessories,1228,1,1228,17-07-2023
75,Kiran,Chennai,Monitor,Electronics,12385,1,12385,13-10-2023
76,Anita,Delhi,Table,Furniture,10195,3,30585,06-12-2023
77,Rahul,Hyderabad,Monitor,Electronics,11682,3,35046,29-09-2023
78,Rahul,Hyderabad,Table,Furniture,9853,3,29559,18-11-2023
79,Kiran,Delhi,Phone,Electronics,29894,3,89682,14-07-2023
80,Vikram,Hyderabad,Table,Furniture,9501,3,28503,05-07-2024
81,Sneha,Chennai,Table,Furniture,9571,3,28713,05-12-2023
82,Neha,Chennai,Phone,Electronics,30237,2,60474,03-06-2024
83,Vikram,Mumbai,Chair,Furniture,7912,3,23736,30-10-2023
84,Rohit,Bangalore,Keyboard,Accessories,1430,3,4290,24-01-2024
85,Arun,Delhi,Monitor,Electronics,11915,3,35745,01-01-2023
86,Vikram,Chennai,Keyboard,Accessories,1440,3,4320,26-11-2023
87,Meera,Mumbai,Mouse,Accessories,991,1,991,07-06-2024
88,Meera,Bangalore,Phone,Electronics,29790,3,89370,10-12-2023
89,Priya,Bangalore,Monitor,Electronics,11730,1,11730,31-05-2023
90,Rahul,Hyderabad,Keyboard,Accessories,1486,3,4458,16-03-2023
91,Meera,Mumbai,Keyboard,Accessories,1735,3,5205,29-01-2024
92,Meera,Mumbai,Keyboard,Accessories,1151,3,3453,06-01-2023
93,Priya,Mumbai,Keyboard,Accessories,1180,3,3540,14-06-2024
94,Meera,Hyderabad,Keyboard,Accessories,1939,1,1939,12-04-2024
95,Arun,Mumbai,Chair,Furniture,8472,2,16944,31-05-2024
96,Kiran,Delhi,Mouse,Accessories,1218,1,1218,01-05-2024
97,Meera,Chennai,Keyboard,Accessories,1860,3,5580,11-10-2023
98,Rohit,Mumbai,Keyboard,Accessories,1281,2,2562,21-03-2023
99,Vikram,Bangalore,Monitor,Electronics,11843,2,23686,07-07-2024
100,Priya,Bangalore,Headphones,Accessories,2736,2,5472,06-06-2023
101,Sneha,Hyderabad,Table,Furniture,9917,2,19834,09-07-2024
102,Meera,Mumbai,Laptop,Electronics,69711,2,139422,03-02-2024
103,Neha,Hyderabad,Table,Furniture,9988,1,9988,27-12-2023
104,Vikram,Mumbai,Table,Furniture,10051,3,30153,13-07-2024
105,Neha,Bangalore,Mouse,Accessories,524,2,1048,22-03-2024
106,Meera,Hyderabad,Table,Furniture,9844,3,29532,19-02-2024
107,Arun,Mumbai,Headphones,Accessories,3137,3,9411,28-01-2023
108,Kiran,Delhi,Laptop,Electronics,69585,3,208755,14-03-2024
109,Arun,Mumbai,Headphones,Accessories,2551,2,5102,24-01-2024
110,Anita,Bangalore,Mouse,Accessories,634,2,1268,24-01-2024
111,Vikram,Mumbai,Monitor,Electronics,12354,1,12354,26-04-2024
112,Rahul,Delhi,Laptop,Electronics,70474,2,140948,18-08-2023
113,Priya,Hyderabad,Laptop,Electronics,70472,1,70472,24-07-2023
114,Rahul,Delhi,Headphones,Accessories,2744,1,2744,29-04-2024
115,Priya,Delhi,Keyboard,Accessories,1476,3,4428,20-09-2023
116,Anita,Bangalore,Phone,Electronics,30296,1,30296,15-11-2023
117,Priya,Delhi,Laptop,Electronics,70451,2,140902,12-08-2024
118,Kiran,Mumbai,Keyboard,Accessories,1077,3,3231,06-09-2023
119,Priya,Chennai,Phone,Electronics,30315,3,90945,12-02-2023
120,Anita,Delhi,Table,Furniture,10177,2,20354,12-03-2023
121,Rohit,Chennai,Laptop,Electronics,70369,2,140738,16-05-2024
122,Priya,Mumbai,Chair,Furniture,8150,2,16300,06-06-2023
123,Kiran,Bangalore,Monitor,Electronics,12130,3,36390,10-05-2024
124,Meera,Mumbai,Monitor,Electronics,11830,1,11830,30-03-2023
125,Vikram,Mumbai,Keyboard,Accessories,1768,2,3536,06-08-2024
126,Neha,Mumbai,Chair,Furniture,7529,2,15058,29-11-2023
127,Arun,Mumbai,Keyboard,Accessories,1363,2,2726,15-12-2023
128,Vikram,Delhi,Monitor,Electronics,12069,1,12069,13-06-2024
129,Sneha,Hyderabad,Keyboard,Accessories,1737,2,3474,15-05-2024
130,Rohit,Bangalore,Mouse,Accessories,961,3,2883,17-05-2024
131,Meera,Hyderabad,Phone,Electronics,29801,1,29801,19-02-2024
132,Sneha,Chennai,Chair,Furniture,7984,3,23952,27-06-2024
133,Anita,Mumbai,Chair,Furniture,7860,3,23580,09-04-2024
134,Vikram,Chennai,Monitor,Electronics,11736,1,11736,17-07-2023
135,Anita,Hyderabad,Headphones,Accessories,2696,1,2696,10-05-2024
136,Vikram,Delhi,Monitor,Electronics,11602,1,11602,31-10-2023
137,Sneha,Chennai,Headphones,Accessories,2809,1,2809,30-06-2024
138,Arun,Chennai,Laptop,Electronics,70497,1,70497,20-07-2024
139,Vikram,Bangalore,Mouse,Accessories,405,1,405,10-08-2024
140,Vikram,Mumbai,Mouse,Accessories,751,2,1502,08-07-2023
141,Rahul,Chennai,Mouse,Accessories,416,1,416,15-02-2024
142,Meera,Hyderabad,Laptop,Electronics,69655,1,69655,30-07-2024
143,Vikram,Hyderabad,Keyboard,Accessories,1121,3,3363,02-03-2024
144,Neha,Delhi,Keyboard,Accessories,1794,3,5382,25-01-2024
145,Meera,Mumbai,Monitor,Electronics,12380,3,37140,15-03-2024
146,Vikram,Delhi,Laptop,Electronics,70124,3,210372,12-04-2023
147,Sneha,Bangalore,Monitor,Electronics,12176,1,12176,10-06-2023
148,Sneha,Bangalore,Phone,Electronics,29660,1,29660,23-02-2024
149,Meera,Delhi,Mouse,Accessories,598,1,598,26-08-2023
150,Vikram,Chennai,Mouse,Accessories,372,3,1116,28-08-2023
151,Vikram,Delhi,Keyboard,Accessories,1435,1,1435,11-07-2024
152,Sneha,Bangalore,Monitor,Electronics,12346,1,12346,15-03-2023
153,Rahul,Bangalore,Monitor,Electronics,12109,3,36327,05-08-2024
154,Vikram,Mumbai,Phone,Electronics,29979,3,89937,08-11-2023
155,Kiran,Chennai,Mouse,Accessories,748,1,748,10-02-2023
156,Kiran,Chennai,Monitor,Electronics,11526,1,11526,23-08-2023
157,Neha,Delhi,Laptop,Electronics,70283,3,210849,03-10-2023
158,Neha,Hyderabad,Headphones,Accessories,2981,3,8943,28-03-2024
159,Vikram,Bangalore,Table,Furniture,10150,2,20300,04-04-2023
160,Meera,Chennai,Table,Furniture,9841,2,19682,18-04-2023
161,Arun,Chennai,Table,Furniture,10210,2,20420,23-10-2023
162,Kiran,Delhi,Laptop,Electronics,69965,1,69965,19-11-2023
163,Vikram,Chennai,Phone,Electronics,30493,2,60986,10-06-2024
164,Rahul,Delhi,Mouse,Accessories,723,1,723,12-07-2023
165,Rohit,Chennai,Mouse,Accessories,940,2,1880,22-02-2023
166,Sneha,Chennai,Headphones,Accessories,3449,2,6898,24-03-2024
167,Meera,Hyderabad,Laptop,Electronics,70496,3,211488,03-09-2023
168,Arun,Chennai,Laptop,Electronics,70065,2,140130,06-04-2023
169,Sneha,Hyderabad,Mouse,Accessories,1269,1,1269,07-06-2023
170,Meera,Chennai,Monitor,Electronics,11925,2,23850,28-04-2024
171,Sneha,Mumbai,Headphones,Accessories,2892,1,2892,04-06-2024
172,Arun,Hyderabad,Monitor,Electronics,12291,2,24582,15-12-2023
173,Rohit,Chennai,Laptop,Electronics,69789,3,209367,02-11-2023
174,Neha,Delhi,Mouse,Accessories,1186,1,1186,02-04-2024
175,Rohit,Mumbai,Chair,Furniture,7840,3,23520,10-07-2024
176,Kiran,Mumbai,Chair,Furniture,8390,1,8390,02-09-2023
177,Neha,Mumbai,Keyboard,Accessories,1876,2,3752,14-02-2023
178,Anita,Mumbai,Table,Furniture,9895,3,29685,05-06-2023
179,Meera,Hyderabad,Headphones,Accessories,3014,3,9042,06-12-2023
180,Priya,Mumbai,Phone,Electronics,30038,2,60076,16-01-2023
181,Arun,Mumbai,Headphones,Accessories,2576,2,5152,29-09-2023
182,Anita,Delhi,Table,Furniture,10165,1,10165,03-12-2023
183,Rohit,Mumbai,Chair,Furniture,8141,3,24423,14-05-2024
184,Rohit,Hyderabad,Phone,Electronics,29740,3,89220,22-10-2023
185,Sneha,Hyderabad,Table,Furniture,9600,3,28800,13-04-2023
186,Meera,Bangalore,Monitor,Electronics,12425,1,12425,17-02-2023
187,Anita,Hyderabad,Monitor,Electronics,11867,2,23734,17-03-2024
188,Arun,Bangalore,Table,Furniture,10079,3,30237,04-07-2023
189,Arun,Bangalore,Phone,Electronics,30124,2,60248,04-09-2023
190,Meera,Delhi,Headphones,Accessories,2737,2,5474,18-09-2023
191,Meera,Chennai,Laptop,Electronics,70420,2,140840,22-10-2023
192,Rohit,Bangalore,Phone,Electronics,29952,2,59904,03-11-2023
193,Kiran,Chennai,Mouse,Accessories,1165,2,2330,23-07-2023
194,Kiran,Mumbai,Phone,Electronics,29742,2,59484,08-08-2024
195,Anita,Delhi,Monitor,Electronics,12216,2,24432,23-01-2023
196,Kiran,Chennai,Laptop,Electronics,70079,3,210237,20-02-2023
197,Neha,Mumbai,Monitor,Electronics,12294,1,12294,27-12-2023
198,Sneha,Bangalore,Monitor,Electronics,12194,3,36582,21-05-2023
199,Priya,Hyderabad,Monitor,Electronics,12307,2,24614,04-02-2023
200,Neha,Chennai,Headphones,Accessories,2592,2,5184,01-12-2023
201,Kiran,Bangalore,Keyboard,Accessories,1135,3,3405,10-01-2024
202,Rohit,Delhi,Monitor,Electronics,12350,1,12350,21-09-2023
203,Meera,Chennai,Chair,Furniture,8323,1,8323,24-04-2024
204,Priya,Bangalore,Keyboard,Accessories,1880,3,5640,11-02-2024
205,Rohit,Chennai,Phone,Electronics,30309,2,60618,15-01-2023
206,Vikram,Delhi,Phone,Electronics,29965,2,59930,26-09-2023
207,Neha,Mumbai,Chair,Furniture,7610,3,22830,28-08-2023
208,Meera,Hyderabad,Chair,Furniture,8437,3,25311,15-08-2023
209,Priya,Mumbai,Monitor,Electronics,12164,2,24328,30-04-2023
210,Arun,Hyderabad,Laptop,Electronics,69811,2,139622,29-04-2023
211,Priya,Bangalore,Headphones,Accessories,2897,2,5794,15-01-2024
212,Rohit,Mumbai,Headphones,Accessories,3406,2,6812,12-04-2023
213,Meera,Delhi,Table,Furniture,10461,2,20922,03-02-2023
214,Anita,Bangalore,Mouse,Accessories,755,1,755,07-01-2024
215,Priya,Chennai,Chair,Furniture,7562,2,15124,10-10-2023
216,Sneha,Hyderabad,Mouse,Accessories,393,3,1179,06-08-2023
217,Neha,Hyderabad,Laptop,Electronics,70305,2,140610,07-09-2023
218,Arun,Delhi,Keyboard,Accessories,1070,3,3210,01-08-2023
219,Neha,Bangalore,Keyboard,Accessories,1336,1,1336,03-01-2023
220,Vikram,Bangalore,Headphones,Accessories,3053,2,6106,28-06-2023
221,Priya,Hyderabad,Headphones,Accessories,2515,2,5030,01-09-2023
222,Neha,Chennai,Laptop,Electronics,69678,2,139356,23-02-2023
223,Arun,Mumbai,Phone,Electronics,30263,1,30263,02-05-2024
224,Meera,Chennai,Phone,Electronics,29962,3,89886,15-08-2023
225,Neha,Hyderabad,Monitor,Electronics,11969,3,35907,01-02-2023
226,Rahul,Mumbai,Table,Furniture,9936,3,29808,21-04-2023
227,Meera,Mumbai,Phone,Electronics,30420,1,30420,26-11-2023
228,Neha,Bangalore,Phone,Electronics,29629,2,59258,22-08-2024
229,Rohit,Chennai,Table,Furniture,10111,3,30333,29-10-2023
230,Meera,Delhi,Table,Furniture,9601,3,28803,28-04-2023
231,Rohit,Bangalore,Table,Furniture,9962,1,9962,28-02-2024
232,Anita,Mumbai,Table,Furniture,9925,3,29775,08-04-2023
233,Anita,Mumbai,Chair,Furniture,8181,2,16362,19-01-2024
234,Arun,Mumbai,Phone,Electronics,29593,1,29593,06-04-2023
235,Kiran,Hyderabad,Chair,Furniture,8331,1,8331,23-07-2024
236,Rahul,Delhi,Chair,Furniture,8186,1,8186,25-02-2024
237,Anita,Mumbai,Laptop,Electronics,70491,2,140982,16-11-2023
238,Anita,Hyderabad,Keyboard,Accessories,1158,3,3474,08-05-2024
239,Sneha,Hyderabad,Chair,Furniture,8365,3,25095,12-01-2024
240,Priya,Chennai,Keyboard,Accessories,1826,2,3652,28-07-2024
241,Neha,Delhi,Laptop,Electronics,70123,3,210369,01-10-2023
242,Rahul,Bangalore,Monitor,Electronics,12219,2,24438,14-12-2023
243,Anita,Hyderabad,Headphones,Accessories,3390,1,3390,02-08-2024
244,Kiran,Hyderabad,Headphones,Accessories,3258,3,9774,01-02-2023
245,Priya,Delhi,Keyboard,Accessories,1385,2,2770,09-04-2024
246,Anita,Bangalore,Chair,Furniture,7819,3,23457,29-11-2023
247,Neha,Delhi,Phone,Electronics,30404,1,30404,09-06-2023
248,Arun,Delhi,Laptop,Electronics,70190,1,70190,06-10-2023
249,Meera,Mumbai,Mouse,Accessories,921,2,1842,29-02-2024
250,Vikram,Bangalore,Phone,Electronics,29853,2,59706,24-04-2023
251,Vikram,Delhi,Mouse,Accessories,839,3,2517,12-11-2023
252,Rahul,Bangalore,Table,Furniture,10113,1,10113,08-01-2023
253,Sneha,Chennai,Keyboard,Accessories,1785,1,1785,19-09-2023
254,Vikram,Chennai,Phone,Electronics,29507,2,59014,16-03-2024
255,Arun,Bangalore,Table,Furniture,10045,3,30135,24-08-2023
256,Rohit,Delhi,Chair,Furniture,7573,2,15146,13-02-2023
257,Kiran,Hyderabad,Mouse,Accessories,1243,1,1243,17-11-2023
258,Neha,Mumbai,Table,Furniture,10226,3,30678,03-03-2024
259,Vikram,Hyderabad,Table,Furniture,9521,2,19042,25-06-2023
260,Neha,Mumbai,Chair,Furniture,7590,2,15180,19-04-2023
261,Sneha,Mumbai,Table,Furniture,10036,1,10036,10-02-2024
262,Vikram,Chennai,Keyboard,Accessories,1341,1,1341,20-03-2023
263,Rohit,Hyderabad,Keyboard,Accessories,1927,2,3854,26-12-2023
264,Arun,Bangalore,Phone,Electronics,29649,2,59298,22-07-2023
265,Arun,Delhi,Headphones,Accessories,3278,3,9834,19-03-2023
266,Arun,Mumbai,Mouse,Accessories,1072,3,3216,16-08-2024
267,Meera,Delhi,Chair,Furniture,8384,3,25152,20-11-2023
268,Arun,Mumbai,Phone,Electronics,29980,2,59960,07-11-2023
269,Vikram,Delhi,Laptop,Electronics,69860,3,209580,17-03-2023
270,Vikram,Mumbai,Mouse,Accessories,338,1,338,13-01-2024
271,Vikram,Hyderabad,Phone,Electronics,30129,3,90387,03-06-2024
272,Kiran,Mumbai,Laptop,Electronics,69960,3,209880,12-07-2023
273,Anita,Delhi,Mouse,Accessories,813,1,813,05-03-2023
274,Meera,Hyderabad,Chair,Furniture,8231,1,8231,31-05-2024
275,Arun,Hyderabad,Keyboard,Accessories,1724,2,3448,25-03-2024
276,Rohit,Delhi,Headphones,Accessories,2872,2,5744,17-10-2023
277,Kiran,Mumbai,Chair,Furniture,8195,3,24585,23-02-2023
278,Anita,Hyderabad,Chair,Furniture,7596,3,22788,31-01-2024
279,Vikram,Chennai,Headphones,Accessories,2841,1,2841,19-08-2024
280,Arun,Chennai,Monitor,Electronics,12490,3,37470,06-02-2024
281,Arun,Delhi,Phone,Electronics,29817,3,89451,21-01-2024
282,Anita,Bangalore,Phone,Electronics,30161,3,90483,09-03-2024
283,Rohit,Chennai,Laptop,Electronics,69871,2,139742,04-07-2023
284,Sneha,Chennai,Mouse,Accessories,496,1,496,21-05-2023
285,Arun,Hyderabad,Monitor,Electronics,12364,1,12364,03-06-2024
286,Rohit,Delhi,Laptop,Electronics,70177,2,140354,15-05-2023
287,Neha,Mumbai,Headphones,Accessories,2666,1,2666,19-06-2023
288,Meera,Hyderabad,Table,Furniture,9873,3,29619,01-09-2023
289,Meera,Delhi,Monitor,Electronics,12270,3,36810,04-04-2024
290,Sneha,Delhi,Keyboard,Accessories,1316,2,2632,18-07-2023
291,Anita,Delhi,Mouse,Accessories,772,2,1544,27-01-2024
292,Rohit,Delhi,Table,Furniture,10489,1,10489,24-07-2023
293,Neha,Bangalore,Monitor,Electronics,11553,3,34659,07-05-2024
294,Anita,Delhi,Phone,Electronics,30228,3,90684,08-05-2023
295,Vikram,Hyderabad,Headphones,Accessories,2779,2,5558,09-06-2024
296,Arun,Mumbai,Phone,Electronics,30469,1,30469,06-04-2024
297,Anita,Hyderabad,Table,Furniture,9554,2,19108,29-05-2024
298,Anita,Bangalore,Table,Furniture,9583,2,19166,18-08-2023
299,Rahul,Chennai,Phone,Electronics,30359,3,91077,10-12-2023
300,Arun,Bangalore,Laptop,Electronics,69793,2,139586,23-05-2023
301,Meera,Mumbai,Laptop,Electronics,70427,1,70427,20-01-2023
302,Vikram,Bangalore,Headphones,Accessories,3061,3,9183,24-06-2024
303,Kiran,Hyderabad,Monitor,Electronics,11743,2,23486,05-05-2023
304,Rahul,Bangalore,Table,Furniture,10154,3,30462,13-04-2024
305,Priya,Hyderabad,Mouse,Accessories,911,3,2733,17-01-2023
306,Rohit,Delhi,Keyboard,Accessories,1735,1,1735,26-10-2023
307,Kiran,Hyderabad,Chair,Furniture,7746,3,23238,02-03-2024
308,Arun,Hyderabad,Chair,Furniture,7569,3,22707,11-07-2024
309,Rohit,Delhi,Laptop,Electronics,69899,2,139798,14-02-2023
310,Kiran,Chennai,Monitor,Electronics,12265,1,12265,01-01-2024
311,Priya,Chennai,Keyboard,Accessories,1750,3,5250,17-04-2023
312,Neha,Chennai,Headphones,Accessories,2545,2,5090,13-07-2024
313,Anita,Bangalore,Mouse,Accessories,1012,2,2024,06-07-2023
314,Arun,Hyderabad,Mouse,Accessories,337,2,674,26-07-2023
315,Rahul,Bangalore,Laptop,Electronics,69823,2,139646,11-06-2024
316,Kiran,Delhi,Mouse,Accessories,559,1,559,15-07-2023
317,Vikram,Chennai,Laptop,Electronics,70386,3,211158,06-12-2023
318,Vikram,Hyderabad,Chair,Furniture,7947,2,15894,26-03-2024
319,Kiran,Chennai,Headphones,Accessories,3008,3,9024,24-05-2024
320,Anita,Delhi,Monitor,Electronics,12320,1,12320,10-03-2024
321,Priya,Mumbai,Headphones,Accessories,3058,2,6116,25-11-2023
322,Priya,Hyderabad,Chair,Furniture,8176,2,16352,10-11-2023
323,Meera,Delhi,Table,Furniture,9670,3,29010,30-03-2024
324,Anita,Mumbai,Laptop,Electronics,70244,2,140488,21-03-2024
325,Vikram,Hyderabad,Phone,Electronics,30187,3,90561,20-02-2024
326,Anita,Delhi,Headphones,Accessories,3475,1,3475,27-05-2023
327,Neha,Mumbai,Laptop,Electronics,69629,1,69629,30-08-2023
328,Anita,Chennai,Table,Furniture,10472,3,31416,03-02-2023
329,Neha,Bangalore,Mouse,Accessories,1271,2,2542,16-01-2024
330,Meera,Hyderabad,Headphones,Accessories,3042,2,6084,12-02-2024
331,Anita,Chennai,Keyboard,Accessories,1983,1,1983,27-01-2023
332,Arun,Mumbai,Table,Furniture,10435,3,31305,01-05-2023
333,Vikram,Chennai,Mouse,Accessories,519,3,1557,20-10-2023
334,Meera,Bangalore,Phone,Electronics,29638,1,29638,07-04-2024
335,Arun,Mumbai,Phone,Electronics,30329,3,90987,24-11-2023
336,Anita,Hyderabad,Monitor,Electronics,12412,2,24824,11-06-2023
337,Arun,Chennai,Keyboard,Accessories,1124,1,1124,23-05-2023
338,Sneha,Mumbai,Laptop,Electronics,69869,3,209607,09-08-2024
339,Anita,Mumbai,Headphones,Accessories,3126,1,3126,09-03-2023
340,Vikram,Mumbai,Mouse,Accessories,838,2,1676,24-02-2024
341,Neha,Hyderabad,Headphones,Accessories,3495,2,6990,17-03-2023
342,Meera,Mumbai,Chair,Furniture,7631,3,22893,06-07-2023
343,Arun,Mumbai,Laptop,Electronics,70351,1,70351,14-06-2024
344,Arun,Chennai,Headphones,Accessories,2665,2,5330,19-08-2023
345,Anita,Delhi,Monitor,Electronics,12366,1,12366,14-09-2023
346,Sneha,Delhi,Monitor,Electronics,11628,3,34884,07-11-2023
347,Neha,Delhi,Phone,Electronics,30014,3,90042,22-06-2023
348,Neha,Delhi,Headphones,Accessories,2675,3,8025,12-12-2023
349,Neha,Hyderabad,Laptop,Electronics,69583,1,69583,13-08-2024
350,Vikram,Bangalore,Table,Furniture,10132,3,30396,01-02-2023
351,Meera,Delhi,Monitor,Electronics,12157,2,24314,09-05-2024
352,Sneha,Mumbai,Monitor,Electronics,11964,1,11964,03-03-2023
353,Arun,Mumbai,Table,Furniture,9995,2,19990,28-07-2023
354,Anita,Delhi,Headphones,Accessories,2820,3,8460,23-11-2023
355,Anita,Mumbai,Headphones,Accessories,3278,2,6556,11-06-2024
356,Rohit,Hyderabad,Chair,Furniture,7747,2,15494,06-05-2023
357,Vikram,Mumbai,Keyboard,Accessories,1144,1,1144,21-02-2023
358,Vikram,Mumbai,Table,Furniture,9754,1,9754,02-12-2023
359,Neha,Chennai,Keyboard,Accessories,1781,1,1781,25-05-2024
360,Rohit,Mumbai,Mouse,Accessories,1200,2,2400,24-05-2024
361,Rahul,Hyderabad,Table,Furniture,10017,2,20034,04-09-2023
362,Sneha,Delhi,Chair,Furniture,7549,1,7549,16-10-2023
363,Meera,Delhi,Mouse,Accessories,592,3,1776,09-01-2023
364,Priya,Mumbai,Headphones,Accessories,3403,2,6806,10-01-2024
365,Kiran,Chennai,Laptop,Electronics,69910,1,69910,06-08-2024
366,Rohit,Bangalore,Chair,Furniture,8066,2,16132,17-03-2023
367,Kiran,Delhi,Mouse,Accessories,1082,3,3246,14-10-2023
368,Neha,Delhi,Phone,Electronics,29631,1,29631,08-02-2024
369,Anita,Chennai,Chair,Furniture,8273,1,8273,23-07-2023
370,Neha,Delhi,Table,Furniture,10012,1,10012,16-02-2023
371,Rahul,Bangalore,Chair,Furniture,8323,2,16646,15-06-2024
372,Meera,Bangalore,Headphones,Accessories,2835,3,8505,23-11-2023
373,Arun,Mumbai,Monitor,Electronics,12107,2,24214,03-06-2024
374,Rohit,Delhi,Mouse,Accessories,1025,3,3075,03-11-2023
375,Meera,Hyderabad,Chair,Furniture,7839,3,23517,23-04-2023
376,Kiran,Delhi,Monitor,Electronics,12315,3,36945,28-01-2023
377,Neha,Mumbai,Monitor,Electronics,12490,3,37470,15-08-2024
378,Neha,Bangalore,Laptop,Electronics,70097,2,140194,24-06-2023
379,Rohit,Delhi,Table,Furniture,9651,3,28953,06-09-2023
380,Rahul,Delhi,Phone,Electronics,29695,1,29695,27-03-2024
381,Anita,Mumbai,Headphones,Accessories,2922,3,8766,28-07-2023
382,Kiran,Delhi,Mouse,Accessories,1193,3,3579,05-03-2023
383,Arun,Delhi,Keyboard,Accessories,1574,2,3148,04-05-2024
384,Rohit,Mumbai,Chair,Furniture,8479,1,8479,15-04-2024
385,Rohit,Chennai,Chair,Furniture,8192,3,24576,28-09-2023
386,Neha,Mumbai,Keyboard,Accessories,1980,1,1980,13-10-2023
387,Rohit,Chennai,Keyboard,Accessories,1964,2,3928,23-10-2023
388,Sneha,Mumbai,Chair,Furniture,7991,2,15982,27-07-2024
389,Vikram,Chennai,Phone,Electronics,30087,3,90261,10-07-2024
390,Kiran,Mumbai,Chair,Furniture,8477,1,8477,25-10-2023
391,Rahul,Chennai,Phone,Electronics,29854,2,59708,20-09-2023
392,Meera,Bangalore,Keyboard,Accessories,1847,3,5541,05-10-2023
393,Rohit,Chennai,Headphones,Accessories,2611,3,7833,23-08-2024
394,Sneha,Bangalore,Laptop,Electronics,70185,3,210555,20-08-2023
395,Sneha,Hyderabad,Phone,Electronics,29923,2,59846,28-04-2024
396,Priya,Bangalore,Laptop,Electronics,70487,3,211461,11-06-2023
397,Kiran,Mumbai,Mouse,Accessories,966,1,966,22-10-2023
398,Anita,Chennai,Laptop,Electronics,70429,1,70429,10-08-2024
399,Sneha,Delhi,Laptop,Electronics,70435,1,70435,03-03-2024
400,Arun,Hyderabad,Table,Furniture,10306,2,20612,10-07-2023
401,Vikram,Hyderabad,Laptop,Electronics,69805,3,209415,20-04-2023
402,Anita,Chennai,Mouse,Accessories,956,3,2868,20-06-2024
403,Meera,Bangalore,Mouse,Accessories,579,1,579,26-04-2023
404,Anita,Bangalore,Mouse,Accessories,963,2,1926,10-07-2023
405,Rahul,Chennai,Monitor,Electronics,12081,3,36243,17-07-2023
406,Arun,Delhi,Table,Furniture,10346,2,20692,11-06-2024
407,Anita,Hyderabad,Table,Furniture,10185,1,10185,09-07-2023
408,Arun,Mumbai,Chair,Furniture,8458,1,8458,07-01-2023
409,Vikram,Mumbai,Keyboard,Accessories,1457,2,2914,04-12-2023
410,Vikram,Delhi,Laptop,Electronics,69767,3,209301,04-01-2024
411,Sneha,Hyderabad,Phone,Electronics,29976,2,59952,13-06-2023
412,Kiran,Delhi,Monitor,Electronics,12206,1,12206,30-10-2023
413,Anita,Delhi,Keyboard,Accessories,1224,1,1224,04-05-2024
414,Arun,Mumbai,Chair,Furniture,7925,3,23775,16-07-2024
415,Meera,Delhi,Keyboard,Accessories,1780,1,1780,25-03-2023
416,Rohit,Mumbai,Chair,Furniture,7579,3,22737,25-04-2023
417,Rahul,Delhi,Keyboard,Accessories,1586,3,4758,03-06-2023
418,Arun,Chennai,Mouse,Accessories,419,3,1257,30-07-2023
419,Neha,Mumbai,Phone,Electronics,30420,3,91260,01-04-2024
420,Rahul,Mumbai,Headphones,Accessories,3025,2,6050,12-04-2024
421,Neha,Hyderabad,Mouse,Accessories,988,2,1976,23-01-2023
422,Kiran,Chennai,Laptop,Electronics,70263,1,70263,15-08-2024
423,Priya,Hyderabad,Table,Furniture,9852,3,29556,07-03-2023
424,Rohit,Hyderabad,Phone,Electronics,30456,2,60912,02-02-2023
425,Vikram,Mumbai,Headphones,Accessories,3287,1,3287,06-03-2024
426,Anita,Mumbai,Mouse,Accessories,1190,2,2380,20-01-2024
427,Priya,Delhi,Headphones,Accessories,3169,2,6338,02-05-2023
428,Arun,Delhi,Table,Furniture,10041,1,10041,17-08-2023
429,Rahul,Hyderabad,Monitor,Electronics,11974,3,35922,11-07-2024
430,Kiran,Delhi,Table,Furniture,10343,1,10343,11-09-2023
431,Meera,Chennai,Headphones,Accessories,2782,1,2782,26-04-2023
432,Rahul,Mumbai,Laptop,Electronics,69746,1,69746,10-03-2023
433,Priya,Delhi,Laptop,Electronics,69957,3,209871,19-02-2023
434,Sneha,Hyderabad,Table,Furniture,9949,1,9949,06-07-2024
435,Sneha,Hyderabad,Headphones,Accessories,3015,2,6030,28-08-2023
436,Neha,Chennai,Chair,Furniture,7742,2,15484,27-05-2023
437,Rohit,Bangalore,Table,Furniture,9807,2,19614,04-03-2023
438,Rohit,Delhi,Headphones,Accessories,3141,3,9423,13-03-2024
439,Rohit,Mumbai,Laptop,Electronics,70495,2,140990,26-01-2024
440,Rohit,Chennai,Table,Furniture,9918,1,9918,04-11-2023
441,Kiran,Bangalore,Mouse,Accessories,546,1,546,04-11-2023
442,Arun,Mumbai,Laptop,Electronics,70075,2,140150,02-03-2024
443,Rohit,Delhi,Headphones,Accessories,2897,1,2897,19-09-2023
444,Sneha,Chennai,Phone,Electronics,30444,2,60888,15-01-2024
445,Priya,Delhi,Keyboard,Accessories,1052,2,2104,22-01-2024
446,Neha,Delhi,Laptop,Electronics,70394,1,70394,12-07-2023
447,Neha,Delhi,Keyboard,Accessories,1490,1,1490,07-12-2023
448,Vikram,Hyderabad,Keyboard,Accessories,1959,1,1959,01-05-2023
449,Meera,Bangalore,Keyboard,Accessories,1406,1,1406,19-07-2024
450,Anita,Chennai,Table,Furniture,9977,3,29931,03-01-2024
451,Vikram,Chennai,Chair,Furniture,8025,2,16050,22-04-2024
452,Priya,Mumbai,Chair,Furniture,8436,1,8436,15-01-2024
453,Anita,Mumbai,Laptop,Electronics,70076,1,70076,30-05-2023
454,Rahul,Chennai,Table,Furniture,9802,1,9802,20-07-2023
455,Anita,Bangalore,Table,Furniture,10083,1,10083,26-05-2024
456,Rohit,Chennai,Monitor,Electronics,12281,2,24562,17-05-2024
457,Meera,Bangalore,Chair,Furniture,7673,1,7673,13-07-2024
458,Meera,Bangalore,Laptop,Electronics,70036,1,70036,18-03-2023
459,Rahul,Hyderabad,Table,Furniture,9640,3,28920,25-08-2023
460,Priya,Bangalore,Laptop,Electronics,69723,3,209169,11-04-2024
461,Anita,Hyderabad,Mouse,Accessories,975,2,1950,17-01-2023
462,Rahul,Delhi,Table,Furniture,9512,1,9512,26-06-2024
463,Vikram,Delhi,Monitor,Electronics,11517,3,34551,16-03-2024
464,Arun,Hyderabad,Phone,Electronics,30036,1,30036,04-09-2023
465,Sneha,Delhi,Monitor,Electronics,12334,2,24668,01-10-2023
466,Kiran,Hyderabad,Chair,Furniture,8482,2,16964,15-04-2024
467,Neha,Bangalore,Keyboard,Accessories,1307,3,3921,24-03-2023
468,Rahul,Hyderabad,Table,Furniture,9888,2,19776,19-07-2024
469,Meera,Hyderabad,Laptop,Electronics,70219,1,70219,26-03-2023
470,Meera,Mumbai,Chair,Furniture,8079,1,8079,24-06-2024
471,Rahul,Bangalore,Keyboard,Accessories,1922,3,5766,03-08-2024
472,Meera,Chennai,Laptop,Electronics,70446,1,70446,15-10-2023
473,Rohit,Delhi,Laptop,Electronics,69683,2,139366,17-01-2023
474,Sneha,Delhi,Headphones,Accessories,3270,3,9810,12-02-2024
475,Priya,Chennai,Headphones,Accessories,3077,1,3077,03-08-2024
476,Kiran,Delhi,Chair,Furniture,7893,3,23679,24-05-2023
477,Priya,Delhi,Chair,Furniture,7554,1,7554,23-03-2024
478,Sneha,Hyderabad,Chair,Furniture,8119,3,24357,11-02-2024
479,Anita,Hyderabad,Monitor,Electronics,12302,2,24604,17-05-2024
480,Sneha,Chennai,Table,Furniture,9942,1,9942,22-08-2024
481,Kiran,Hyderabad,Monitor,Electronics,12317,1,12317,17-03-2023
482,Priya,Chennai,Headphones,Accessories,2889,3,8667,07-06-2023
483,Kiran,Chennai,Chair,Furniture,7609,1,7609,06-01-2023
484,Vikram,Mumbai,Chair,Furniture,8279,2,16558,15-04-2023
485,Arun,Hyderabad,Headphones,Accessories,2941,2,5882,24-07-2024
486,Rohit,Delhi,Table,Furniture,9605,1,9605,02-04-2023
487,Anita,Delhi,Phone,Electronics,30111,3,90333,29-11-2023
488,Kiran,Hyderabad,Monitor,Electronics,11923,2,23846,28-03-2023
489,Rohit,Bangalore,Headphones,Accessories,3201,2,6402,23-06-2023
490,Arun,Chennai,Monitor,Electronics,11774,2,23548,30-05-2023
491,Priya,Bangalore,Table,Furniture,9782,2,19564,03-11-2023
492,Meera,Hyderabad,Chair,Furniture,7757,1,7757,22-05-2024
493,Neha,Delhi,Keyboard,Accessories,1468,1,1468,19-05-2023
494,Vikram,Hyderabad,Table,Furniture,9840,3,29520,25-01-2024
495,Anita,Mumbai,Chair,Furniture,7940,3,23820,20-05-2023
496,Vikram,Chennai,Keyboard,Accessories,1490,2,2980,01-07-2023
497,Kiran,Chennai,Monitor,Electronics,12252,3,36756,17-05-2024
498,Neha,Bangalore,Chair,Furniture,7885,2,15770,07-02-2024
499,Anita,Hyderabad,Keyboard,Accessories,1606,3,4818,04-07-2023
500,Rohit,Hyderabad,Mouse,Accessories,1265,3,3795,03-08-2023
501,Meera,Chennai,Phone,Electronics,30338,2,60676,26-05-2024
502,Arun,Chennai,Keyboard,Accessories,1258,3,3774,07-06-2023
503,Kiran,Mumbai,Phone,Electronics,29959,3,89877,05-05-2024
504,Neha,Mumbai,Table,Furniture,10056,1,10056,04-01-2024
505,Rohit,Delhi,Phone,Electronics,29611,1,29611,30-12-2023
506,Arun,Delhi,Laptop,Electronics,70076,3,210228,14-02-2024
507,Anita,Mumbai,Phone,Electronics,29510,1,29510,22-09-2023
508,Sneha,Delhi,Keyboard,Accessories,1456,2,2912,05-02-2024
509,Meera,Delhi,Headphones,Accessories,2853,1,2853,09-05-2024
510,Priya,Chennai,Table,Furniture,10442,1,10442,29-04-2023
511,Arun,Chennai,Monitor,Electronics,11851,2,23702,31-07-2023
512,Rohit,Mumbai,Chair,Furniture,7987,1,7987,24-03-2024
513,Meera,Chennai,Phone,Electronics,29807,1,29807,28-04-2023
514,Rahul,Chennai,Phone,Electronics,30193,1,30193,07-09-2023
515,Rohit,Bangalore,Headphones,Accessories,2838,3,8514,12-03-2024
516,Meera,Bangalore,Table,Furniture,10144,1,10144,10-07-2023
517,Kiran,Mumbai,Laptop,Electronics,70255,3,210765,22-07-2023
518,Meera,Delhi,Table,Furniture,9898,1,9898,08-08-2023
519,Sneha,Chennai,Phone,Electronics,30091,1,30091,03-07-2024
520,Arun,Chennai,Chair,Furniture,7701,2,15402,27-04-2023
521,Vikram,Mumbai,Chair,Furniture,8111,2,16222,06-02-2024
522,Neha,Hyderabad,Chair,Furniture,7860,2,15720,26-06-2023
523,Vikram,Delhi,Phone,Electronics,30188,1,30188,17-11-2023
524,Priya,Bangalore,Monitor,Electronics,11619,1,11619,18-01-2024
525,Arun,Delhi,Table,Furniture,9928,3,29784,22-05-2023
526,Neha,Mumbai,Table,Furniture,9690,2,19380,04-07-2024
527,Arun,Delhi,Headphones,Accessories,3001,2,6002,24-05-2023
528,Arun,Chennai,Mouse,Accessories,934,1,934,03-01-2024
529,Rahul,Mumbai,Headphones,Accessories,2699,2,5398,29-07-2024
530,Rohit,Mumbai,Table,Furniture,10201,2,20402,01-03-2024
531,Meera,Mumbai,Headphones,Accessories,2584,3,7752,01-02-2023
532,Sneha,Chennai,Laptop,Electronics,69781,1,69781,04-07-2024
533,Vikram,Bangalore,Mouse,Accessories,879,3,2637,22-05-2024
534,Rohit,Delhi,Phone,Electronics,30086,1,30086,02-10-2023
535,Rohit,Chennai,Laptop,Electronics,70278,3,210834,27-03-2024
536,Rohit,Bangalore,Table,Furniture,9604,3,28812,11-09-2023
537,Vikram,Hyderabad,Mouse,Accessories,569,2,1138,31-03-2023
538,Meera,Hyderabad,Keyboard,Accessories,1214,3,3642,26-12-2023
539,Neha,Mumbai,Headphones,Accessories,3130,1,3130,31-07-2023
540,Sneha,Hyderabad,Chair,Furniture,8045,2,16090,05-07-2024
541,Arun,Chennai,Monitor,Electronics,11796,3,35388,01-10-2023
542,Rohit,Hyderabad,Headphones,Accessories,3485,2,6970,02-03-2023
543,Vikram,Bangalore,Headphones,Accessories,2755,1,2755,26-11-2023
544,Sneha,Mumbai,Mouse,Accessories,445,3,1335,03-10-2023
545,Kiran,Mumbai,Mouse,Accessories,377,3,1131,06-04-2023
546,Kiran,Delhi,Monitor,Electronics,12211,2,24422,10-04-2024
547,Meera,Chennai,Laptop,Electronics,70389,3,211167,06-04-2023
548,Meera,Chennai,Phone,Electronics,30314,3,90942,12-02-2024
549,Sneha,Mumbai,Keyboard,Accessories,1506,2,3012,27-11-2023
550,Vikram,Chennai,Headphones,Accessories,3079,2,6158,18-12-2023
551,Rahul,Hyderabad,Phone,Electronics,30141,2,60282,17-01-2023
552,Priya,Bangalore,Mouse,Accessories,767,1,767,14-03-2024
553,Sneha,Bangalore,Monitor,Electronics,11662,2,23324,06-04-2023
554,Anita,Chennai,Phone,Electronics,29880,3,89640,19-06-2023
555,Rahul,Mumbai,Monitor,Electronics,12243,3,36729,28-08-2023
556,Kiran,Hyderabad,Phone,Electronics,29501,1,29501,03-05-2024
557,Priya,Bangalore,Keyboard,Accessories,1531,3,4593,31-03-2024
558,Rahul,Hyderabad,Chair,Furniture,8336,1,8336,08-03-2024
559,Arun,Mumbai,Phone,Electronics,29734,2,59468,02-04-2023
560,Priya,Hyderabad,Chair,Furniture,7876,2,15752,21-05-2023
561,Kiran,Bangalore,Headphones,Accessories,2570,3,7710,30-07-2024
562,Rahul,Delhi,Headphones,Accessories,2950,2,5900,07-08-2023
563,Arun,Mumbai,Mouse,Accessories,1180,1,1180,30-03-2023
564,Priya,Bangalore,Phone,Electronics,30103,3,90309,29-01-2024
565,Anita,Mumbai,Chair,Furniture,8310,1,8310,11-09-2023
566,Vikram,Hyderabad,Keyboard,Accessories,1566,3,4698,19-10-2023
567,Rahul,Chennai,Keyboard,Accessories,1530,3,4590,05-06-2024
568,Sneha,Mumbai,Monitor,Electronics,12161,1,12161,03-09-2023
569,Meera,Mumbai,Phone,Electronics,29746,2,59492,14-03-2023
570,Rohit,Hyderabad,Chair,Furniture,8456,2,16912,16-05-2023
571,Kiran,Delhi,Table,Furniture,9874,3,29622,26-06-2023
572,Meera,Hyderabad,Laptop,Electronics,70101,1,70101,15-01-2023
573,Vikram,Bangalore,Laptop,Electronics,70444,1,70444,12-02-2024
574,Rohit,Chennai,Table,Furniture,9933,3,29799,16-02-2024
575,Priya,Delhi,Headphones,Accessories,2784,1,2784,14-11-2023
576,Priya,Delhi,Keyboard,Accessories,1997,1,1997,03-07-2024
577,Anita,Mumbai,Phone,Electronics,29817,3,89451,23-03-2024
578,Sneha,Hyderabad,Keyboard,Accessories,1088,2,2176,29-04-2023
579,Meera,Delhi,Laptop,Electronics,69816,3,209448,29-06-2023
580,Priya,Hyderabad,Headphones,Accessories,3218,1,3218,17-06-2023
581,Meera,Chennai,Monitor,Electronics,11670,2,23340,10-05-2023
582,Vikram,Hyderabad,Laptop,Electronics,69843,2,139686,06-10-2023
583,Rohit,Hyderabad,Monitor,Electronics,12229,3,36687,20-03-2023
584,Meera,Mumbai,Chair,Furniture,7556,2,15112,03-08-2024
585,Arun,Chennai,Headphones,Accessories,2761,1,2761,10-08-2024
586,Priya,Bangalore,Laptop,Electronics,69545,1,69545,08-09-2023
587,Rahul,Mumbai,Chair,Furniture,7892,1,7892,03-07-2023
588,Rahul,Delhi,Table,Furniture,9729,2,19458,12-09-2023
589,Kiran,Chennai,Monitor,Electronics,12345,1,12345,08-08-2024
590,Anita,Hyderabad,Laptop,Electronics,69683,1,69683,12-06-2024
591,Rahul,Mumbai,Phone,Electronics,30398,2,60796,17-10-2023
592,Vikram,Chennai,Phone,Electronics,30066,2,60132,09-01-2023
593,Anita,Bangalore,Monitor,Electronics,12077,2,24154,06-09-2023
594,Meera,Chennai,Mouse,Accessories,1091,1,1091,13-07-2024
595,Sneha,Bangalore,Laptop,Electronics,70454,2,140908,25-01-2023
596,Sneha,Delhi,Chair,Furniture,8151,3,24453,10-01-2023
597,Anita,Hyderabad,Table,Furniture,10369,3,31107,11-11-2023
598,Priya,Bangalore,Keyboard,Accessories,1429,2,2858,03-03-2023
599,Arun,Chennai,Phone,Electronics,29544,1,29544,16-06-2024
600,Kiran,Chennai,Mouse,Accessories,1297,3,3891,28-03-2023
601,Neha,Hyderabad,Headphones,Accessories,3152,2,6304,18-03-2023
602,Neha,Delhi,Laptop,Electronics,69945,3,209835,14-05-2023
603,Sneha,Chennai,Monitor,Electronics,12371,2,24742,07-02-2024
604,Anita,Chennai,Mouse,Accessories,578,1,578,18-03-2023
605,Sneha,Bangalore,Phone,Electronics,29659,1,29659,18-06-2023
606,Meera,Mumbai,Chair,Furniture,7916,1,7916,02-07-2024
607,Anita,Bangalore,Mouse,Accessories,615,2,1230,29-09-2023
608,Priya,Hyderabad,Headphones,Accessories,3326,3,9978,08-11-2023
609,Neha,Hyderabad,Keyboard,Accessories,1855,2,3710,01-06-2023
610,Priya,Bangalore,Chair,Furniture,7905,3,23715,20-02-2023
611,Vikram,Chennai,Headphones,Accessories,2531,2,5062,08-04-2024
612,Rohit,Delhi,Keyboard,Accessories,1096,2,2192,15-04-2023
613,Arun,Hyderabad,Laptop,Electronics,69563,1,69563,14-05-2023
614,Sneha,Mumbai,Chair,Furniture,8202,3,24606,28-03-2023
615,Neha,Delhi,Monitor,Electronics,12439,1,12439,23-01-2023
616,Priya,Bangalore,Mouse,Accessories,1128,1,1128,05-04-2023
617,Anita,Hyderabad,Laptop,Electronics,70464,2,140928,21-02-2023
618,Arun,Delhi,Table,Furniture,10341,3,31023,09-02-2024
619,Meera,Hyderabad,Table,Furniture,10199,2,20398,26-06-2023
620,Anita,Bangalore,Headphones,Accessories,2781,2,5562,01-04-2024
621,Arun,Hyderabad,Keyboard,Accessories,1662,2,3324,25-05-2024
622,Kiran,Delhi,Mouse,Accessories,362,1,362,14-10-2023
623,Kiran,Bangalore,Table,Furniture,9704,3,29112,22-06-2024
624,Sneha,Delhi,Laptop,Electronics,69891,3,209673,03-01-2024
625,Meera,Delhi,Mouse,Accessories,652,3,1956,29-05-2024
626,Anita,Mumbai,Monitor,Electronics,11684,1,11684,23-11-2023
627,Neha,Bangalore,Laptop,Electronics,70417,2,140834,01-03-2023
628,Meera,Delhi,Chair,Furniture,8285,3,24855,27-08-2023
629,Arun,Hyderabad,Keyboard,Accessories,1672,1,1672,30-09-2023
630,Rohit,Hyderabad,Keyboard,Accessories,1589,2,3178,30-12-2023
631,Arun,Bangalore,Keyboard,Accessories,1606,2,3212,03-01-2024
632,Neha,Hyderabad,Chair,Furniture,8470,3,25410,31-07-2024
633,Arun,Delhi,Keyboard,Accessories,1856,2,3712,09-07-2024
634,Vikram,Bangalore,Mouse,Accessories,338,1,338,27-02-2023
635,Sneha,Delhi,Keyboard,Accessories,1020,3,3060,04-05-2024
636,Rahul,Chennai,Keyboard,Accessories,1825,1,1825,15-12-2023
637,Arun,Chennai,Laptop,Electronics,69522,1,69522,23-08-2024
638,Arun,Hyderabad,Chair,Furniture,8483,1,8483,18-01-2024
639,Kiran,Delhi,Phone,Electronics,29844,2,59688,27-11-2023
640,Arun,Bangalore,Table,Furniture,10310,3,30930,13-05-2024
641,Anita,Bangalore,Chair,Furniture,7728,3,23184,29-06-2023
642,Kiran,Chennai,Monitor,Electronics,11630,1,11630,02-01-2023
643,Neha,Mumbai,Laptop,Electronics,69686,3,209058,22-11-2023
644,Neha,Bangalore,Phone,Electronics,30459,2,60918,25-05-2023
645,Anita,Hyderabad,Keyboard,Accessories,1355,2,2710,21-06-2023
646,Priya,Chennai,Mouse,Accessories,311,2,622,03-08-2023
647,Sneha,Hyderabad,Chair,Furniture,7762,1,7762,02-01-2023
648,Rahul,Mumbai,Mouse,Accessories,1050,2,2100,20-06-2023
649,Kiran,Mumbai,Table,Furniture,9859,3,29577,20-01-2024
650,Priya,Mumbai,Keyboard,Accessories,1166,2,2332,17-03-2023
651,Rahul,Chennai,Laptop,Electronics,69826,2,139652,18-04-2023
652,Priya,Chennai,Headphones,Accessories,3409,2,6818,14-06-2023
653,Priya,Delhi,Phone,Electronics,29846,3,89538,09-05-2024
654,Rahul,Mumbai,Headphones,Accessories,3121,2,6242,10-06-2023
655,Rahul,Hyderabad,Chair,Furniture,7710,1,7710,24-02-2024
656,Rohit,Delhi,Monitor,Electronics,12176,2,24352,01-11-2023
657,Sneha,Hyderabad,Laptop,Electronics,69902,3,209706,16-07-2024
658,Meera,Bangalore,Laptop,Electronics,69869,1,69869,13-03-2024
659,Priya,Chennai,Mouse,Accessories,504,1,504,27-01-2023
660,Sneha,Bangalore,Monitor,Electronics,12500,1,12500,29-04-2024
661,Priya,Chennai,Table,Furniture,9982,2,19964,29-09-2023
662,Priya,Delhi,Table,Furniture,9689,2,19378,26-01-2024
663,Anita,Bangalore,Mouse,Accessories,345,2,690,26-03-2024
664,Meera,Chennai,Keyboard,Accessories,1857,2,3714,31-07-2024
665,Rahul,Bangalore,Phone,Electronics,29587,3,88761,19-12-2023
666,Rohit,Mumbai,Keyboard,Accessories,1566,1,1566,01-02-2024
667,Rohit,Mumbai,Mouse,Accessories,886,1,886,02-05-2024
668,Vikram,Hyderabad,Table,Furniture,10424,3,31272,05-02-2023
669,Rohit,Delhi,Headphones,Accessories,2623,2,5246,27-06-2023
670,Arun,Bangalore,Keyboard,Accessories,1129,1,1129,09-03-2024
671,Priya,Mumbai,Keyboard,Accessories,1842,3,5526,01-06-2023
672,Neha,Chennai,Chair,Furniture,8432,3,25296,10-03-2023
673,Priya,Mumbai,Table,Furniture,10065,2,20130,10-10-2023
674,Rohit,Mumbai,Laptop,Electronics,70305,3,210915,19-06-2024
675,Kiran,Hyderabad,Table,Furniture,9653,1,9653,03-08-2024
676,Neha,Delhi,Phone,Electronics,30447,1,30447,30-07-2024
677,Priya,Chennai,Chair,Furniture,8398,2,16796,28-09-2023
678,Kiran,Mumbai,Mouse,Accessories,338,1,338,10-10-2023
679,Kiran,Bangalore,Table,Furniture,9539,2,19078,06-12-2023
680,Sneha,Hyderabad,Mouse,Accessories,1242,2,2484,17-01-2024
681,Rahul,Chennai,Monitor,Electronics,11818,2,23636,18-05-2024
682,Priya,Bangalore,Headphones,Accessories,2807,3,8421,29-03-2024
683,Anita,Chennai,Table,Furniture,10119,3,30357,02-04-2023
684,Sneha,Mumbai,Keyboard,Accessories,1935,2,3870,11-05-2024
685,Rohit,Chennai,Laptop,Electronics,70027,1,70027,09-03-2023
686,Vikram,Delhi,Table,Furniture,9638,3,28914,05-08-2024
687,Rahul,Bangalore,Keyboard,Accessories,1896,1,1896,01-03-2023
688,Sneha,Hyderabad,Mouse,Accessories,351,2,702,23-07-2023
689,Vikram,Chennai,Mouse,Accessories,817,2,1634,07-05-2023
690,Rahul,Bangalore,Chair,Furniture,8000,3,24000,01-04-2024
691,Arun,Mumbai,Chair,Furniture,7852,1,7852,22-09-2023
692,Priya,Chennai,Laptop,Electronics,69895,1,69895,16-06-2023
693,Neha,Bangalore,Keyboard,Accessories,1662,1,1662,31-07-2023
694,Vikram,Mumbai,Laptop,Electronics,70385,3,211155,10-01-2023
695,Meera,Bangalore,Headphones,Accessories,3115,1,3115,18-08-2023
696,Vikram,Delhi,Monitor,Electronics,12229,3,36687,09-10-2023
697,Kiran,Mumbai,Chair,Furniture,7970,2,15940,12-08-2023
698,Meera,Chennai,Table,Furniture,10098,1,10098,08-01-2023
699,Rohit,Chennai,Monitor,Electronics,11805,3,35415,21-04-2023
700,Meera,Hyderabad,Chair,Furniture,7783,3,23349,29-11-2023
701,Vikram,Chennai,Monitor,Electronics,11692,1,11692,13-06-2024
702,Sneha,Hyderabad,Table,Furniture,10176,2,20352,24-05-2023
703,Rahul,Mumbai,Monitor,Electronics,11765,2,23530,19-02-2024
704,Kiran,Hyderabad,Keyboard,Accessories,1351,3,4053,16-08-2023
705,Rohit,Mumbai,Chair,Furniture,8019,2,16038,24-06-2023
706,Rohit,Bangalore,Monitor,Electronics,11599,2,23198,12-05-2023
707,Vikram,Delhi,Headphones,Accessories,3469,3,10407,10-12-2023
708,Priya,Bangalore,Chair,Furniture,7728,3,23184,11-11-2023
709,Kiran,Chennai,Chair,Furniture,7766,3,23298,29-10-2023
710,Meera,Hyderabad,Mouse,Accessories,354,3,1062,20-08-2024
711,Neha,Delhi,Phone,Electronics,29983,1,29983,27-05-2024
712,Priya,Mumbai,Monitor,Electronics,11923,1,11923,04-06-2023
713,Arun,Bangalore,Chair,Furniture,7919,3,23757,13-04-2024
714,Arun,Chennai,Headphones,Accessories,3297,1,3297,14-05-2024
715,Anita,Bangalore,Chair,Furniture,8149,1,8149,05-01-2023
716,Meera,Chennai,Keyboard,Accessories,1779,1,1779,13-08-2024
717,Arun,Mumbai,Phone,Electronics,29632,3,88896,20-03-2024
718,Kiran,Mumbai,Table,Furniture,10488,2,20976,28-01-2024
719,Rahul,Hyderabad,Keyboard,Accessories,1748,2,3496,15-01-2023
720,Anita,Delhi,Keyboard,Accessories,1018,3,3054,05-01-2023
721,Sneha,Bangalore,Chair,Furniture,7819,1,7819,16-04-2023
722,Kiran,Delhi,Monitor,Electronics,11671,1,11671,16-02-2023
723,Vikram,Chennai,Mouse,Accessories,1045,3,3135,20-06-2024
724,Anita,Mumbai,Headphones,Accessories,2850,2,5700,03-01-2024
725,Sneha,Bangalore,Table,Furniture,9519,1,9519,18-08-2023
726,Arun,Bangalore,Laptop,Electronics,70103,3,210309,23-06-2023
727,Priya,Chennai,Laptop,Electronics,69884,3,209652,19-09-2023
728,Rohit,Delhi,Laptop,Electronics,70108,1,70108,21-04-2023
729,Rahul,Hyderabad,Phone,Electronics,29926,2,59852,25-01-2024
730,Priya,Delhi,Monitor,Electronics,11985,3,35955,06-06-2023
731,Sneha,Hyderabad,Monitor,Electronics,11930,3,35790,14-04-2023
732,Rohit,Chennai,Headphones,Accessories,2928,1,2928,07-06-2024
733,Neha,Hyderabad,Monitor,Electronics,11616,1,11616,24-05-2024
734,Sneha,Delhi,Keyboard,Accessories,1796,2,3592,19-06-2024
735,Sneha,Chennai,Table,Furniture,9802,1,9802,10-02-2023
736,Rohit,Mumbai,Keyboard,Accessories,1704,2,3408,05-12-2023
737,Sneha,Hyderabad,Laptop,Electronics,70187,1,70187,24-04-2023
738,Neha,Mumbai,Headphones,Accessories,3472,1,3472,07-06-2024
739,Priya,Hyderabad,Monitor,Electronics,12159,1,12159,12-04-2024
740,Vikram,Chennai,Mouse,Accessories,351,1,351,28-06-2023
741,Rahul,Chennai,Chair,Furniture,8320,3,24960,17-11-2023
742,Kiran,Hyderabad,Phone,Electronics,30371,1,30371,10-01-2023
743,Arun,Bangalore,Chair,Furniture,7866,2,15732,02-10-2023
744,Priya,Chennai,Chair,Furniture,7687,1,7687,15-02-2024
745,Kiran,Mumbai,Monitor,Electronics,12355,2,24710,04-05-2024
746,Kiran,Bangalore,Phone,Electronics,29635,3,88905,02-03-2023
747,Arun,Hyderabad,Table,Furniture,10433,3,31299,09-05-2024
748,Neha,Mumbai,Headphones,Accessories,3125,2,6250,03-01-2024
749,Neha,Hyderabad,Headphones,Accessories,2994,2,5988,26-04-2023
750,Kiran,Mumbai,Laptop,Electronics,69564,2,139128,18-11-2023
751,Rahul,Delhi,Keyboard,Accessories,1978,3,5934,13-12-2023
752,Rohit,Delhi,Phone,Electronics,29943,3,89829,12-09-2023
753,Meera,Chennai,Table,Furniture,9652,3,28956,25-02-2023
754,Rahul,Bangalore,Mouse,Accessories,1172,2,2344,19-06-2023
755,Priya,Mumbai,Chair,Furniture,7746,2,15492,12-10-2023
756,Rahul,Delhi,Keyboard,Accessories,1563,3,4689,23-01-2024
757,Kiran,Bangalore,Phone,Electronics,29970,2,59940,09-08-2024
758,Meera,Hyderabad,Mouse,Accessories,757,2,1514,02-05-2023
759,Meera,Hyderabad,Phone,Electronics,29913,2,59826,06-02-2023
760,Rohit,Delhi,Laptop,Electronics,70345,1,70345,08-11-2023
761,Rohit,Delhi,Keyboard,Accessories,1670,3,5010,12-04-2024
762,Anita,Chennai,Laptop,Electronics,70336,1,70336,10-04-2024
763,Anita,Delhi,Mouse,Accessories,1033,3,3099,08-01-2024
764,Meera,Hyderabad,Phone,Electronics,30277,3,90831,16-08-2023
765,Rahul,Chennai,Chair,Furniture,8349,3,25047,26-10-2023
766,Rohit,Delhi,Chair,Furniture,8218,1,8218,16-02-2023
767,Arun,Mumbai,Headphones,Accessories,3341,3,10023,24-02-2024
768,Priya,Chennai,Keyboard,Accessories,1192,1,1192,07-02-2024
769,Sneha,Mumbai,Keyboard,Accessories,1733,2,3466,21-04-2023
770,Kiran,Hyderabad,Phone,Electronics,30290,2,60580,13-04-2024
771,Neha,Delhi,Headphones,Accessories,3486,2,6972,05-01-2023
772,Rohit,Hyderabad,Table,Furniture,10358,3,31074,09-05-2024
773,Rohit,Bangalore,Headphones,Accessories,3248,1,3248,17-04-2023
774,Kiran,Delhi,Chair,Furniture,8016,2,16032,04-03-2024
775,Neha,Bangalore,Monitor,Electronics,11907,2,23814,29-10-2023
776,Meera,Bangalore,Headphones,Accessories,2922,3,8766,08-06-2024
777,Vikram,Delhi,Chair,Furniture,8228,3,24684,20-07-2024
778,Sneha,Bangalore,Keyboard,Accessories,1639,3,4917,25-10-2023
779,Anita,Bangalore,Headphones,Accessories,3015,3,9045,27-11-2023
780,Priya,Chennai,Mouse,Accessories,896,3,2688,03-03-2024
781,Rohit,Chennai,Table,Furniture,10327,1,10327,19-06-2024
782,Priya,Hyderabad,Table,Furniture,9648,1,9648,27-02-2023
783,Sneha,Chennai,Headphones,Accessories,2793,3,8379,14-09-2023
784,Arun,Hyderabad,Monitor,Electronics,11708,3,35124,03-02-2023
785,Anita,Mumbai,Phone,Electronics,30130,3,90390,29-07-2024
786,Sneha,Delhi,Table,Furniture,9743,3,29229,22-10-2023
787,Rahul,Mumbai,Table,Furniture,9926,3,29778,17-11-2023
788,Rohit,Hyderabad,Laptop,Electronics,70261,2,140522,27-07-2023
789,Neha,Mumbai,Keyboard,Accessories,1933,3,5799,12-01-2024
790,Neha,Delhi,Keyboard,Accessories,1794,3,5382,18-07-2023
791,Vikram,Mumbai,Headphones,Accessories,3199,1,3199,11-07-2023
792,Arun,Delhi,Phone,Electronics,29886,1,29886,14-03-2024
793,Vikram,Delhi,Monitor,Electronics,11633,1,11633,21-08-2024
794,Vikram,Hyderabad,Chair,Furniture,7977,3,23931,08-06-2023
795,Rahul,Bangalore,Chair,Furniture,8111,1,8111,05-11-2023
796,Meera,Delhi,Chair,Furniture,7574,3,22722,22-11-2023
797,Rohit,Bangalore,Headphones,Accessories,3033,1,3033,01-06-2024
798,Arun,Mumbai,Table,Furniture,9594,2,19188,15-08-2023
799,Sneha,Chennai,Chair,Furniture,7869,2,15738,12-08-2023
800,Neha,Delhi,Mouse,Accessories,874,3,2622,10-01-2023
801,Priya,Chennai,Mouse,Accessories,546,3,1638,07-09-2023
802,Rahul,Chennai,Table,Furniture,10437,1,10437,31-01-2024
803,Vikram,Delhi,Monitor,Electronics,11525,3,34575,19-01-2024
804,Rohit,Delhi,Mouse,Accessories,798,1,798,31-10-2023
805,Sneha,Chennai,Phone,Electronics,30470,1,30470,21-06-2023
806,Rohit,Delhi,Laptop,Electronics,70141,1,70141,04-08-2023
807,Sneha,Mumbai,Phone,Electronics,29710,3,89130,21-03-2024
808,Priya,Bangalore,Laptop,Electronics,69970,3,209910,06-12-2023
809,Rahul,Hyderabad,Phone,Electronics,29555,1,29555,15-09-2023
810,Rohit,Hyderabad,Keyboard,Accessories,1932,2,3864,22-02-2024
811,Kiran,Mumbai,Table,Furniture,9943,2,19886,18-01-2023
812,Kiran,Hyderabad,Laptop,Electronics,70156,3,210468,06-03-2023
813,Neha,Hyderabad,Phone,Electronics,29866,3,89598,19-04-2023
814,Vikram,Chennai,Phone,Electronics,29788,2,59576,26-01-2024
815,Kiran,Hyderabad,Mouse,Accessories,460,3,1380,14-08-2023
816,Arun,Mumbai,Monitor,Electronics,12483,3,37449,28-05-2023
817,Vikram,Chennai,Laptop,Electronics,70066,3,210198,25-05-2023
818,Priya,Hyderabad,Laptop,Electronics,70086,3,210258,08-02-2024
819,Rohit,Delhi,Phone,Electronics,29812,1,29812,19-12-2023
820,Sneha,Mumbai,Headphones,Accessories,2664,1,2664,15-08-2023
821,Neha,Chennai,Keyboard,Accessories,1117,1,1117,03-08-2024
822,Rahul,Delhi,Mouse,Accessories,960,3,2880,16-03-2023
823,Vikram,Hyderabad,Monitor,Electronics,11600,1,11600,17-08-2024
824,Meera,Chennai,Chair,Furniture,7631,3,22893,29-08-2023
825,Priya,Chennai,Phone,Electronics,30421,1,30421,22-11-2023
826,Meera,Mumbai,Chair,Furniture,8131,3,24393,10-11-2023
827,Neha,Bangalore,Chair,Furniture,8327,2,16654,14-03-2024
828,Arun,Hyderabad,Chair,Furniture,7752,1,7752,22-03-2024
829,Vikram,Chennai,Headphones,Accessories,3195,3,9585,06-12-2023
830,Meera,Mumbai,Mouse,Accessories,667,2,1334,13-05-2024
831,Rohit,Hyderabad,Headphones,Accessories,3161,3,9483,25-03-2023
832,Vikram,Bangalore,Keyboard,Accessories,1269,3,3807,20-03-2023
833,Priya,Hyderabad,Laptop,Electronics,70332,3,210996,15-08-2024
834,Kiran,Delhi,Keyboard,Accessories,1928,1,1928,18-07-2024
835,Vikram,Delhi,Mouse,Accessories,969,1,969,10-01-2024
836,Kiran,Bangalore,Monitor,Electronics,11637,2,23274,28-05-2024
837,Rohit,Hyderabad,Table,Furniture,9872,3,29616,11-01-2023
838,Sneha,Delhi,Headphones,Accessories,3275,3,9825,24-05-2023
839,Meera,Bangalore,Headphones,Accessories,3079,3,9237,30-05-2023
840,Meera,Chennai,Laptop,Electronics,69724,2,139448,26-08-2023
841,Priya,Chennai,Chair,Furniture,7739,1,7739,31-07-2023
842,Rohit,Chennai,Table,Furniture,9980,2,19960,17-02-2023
843,Rahul,Chennai,Phone,Electronics,30220,3,90660,08-10-2023
844,Vikram,Delhi,Headphones,Accessories,2885,3,8655,23-01-2024
845,Anita,Delhi,Phone,Electronics,30029,2,60058,21-01-2024
846,Sneha,Delhi,Table,Furniture,9861,2,19722,13-05-2024
847,Meera,Delhi,Laptop,Electronics,70013,1,70013,26-03-2024
848,Arun,Bangalore,Phone,Electronics,30026,3,90078,15-10-2023
849,Sneha,Bangalore,Headphones,Accessories,2661,2,5322,02-05-2023
850,Sneha,Mumbai,Chair,Furniture,8237,1,8237,08-05-2024
851,Meera,Mumbai,Keyboard,Accessories,1604,1,1604,25-02-2024
852,Rahul,Bangalore,Laptop,Electronics,69630,3,208890,14-06-2023
853,Arun,Delhi,Laptop,Electronics,70412,3,211236,31-05-2023
854,Rahul,Bangalore,Monitor,Electronics,12444,1,12444,13-06-2024
855,Kiran,Delhi,Laptop,Electronics,70399,3,211197,18-10-2023
856,Priya,Bangalore,Mouse,Accessories,921,2,1842,08-05-2024
857,Arun,Bangalore,Table,Furniture,10115,1,10115,19-08-2024
858,Arun,Delhi,Monitor,Electronics,11671,3,35013,17-12-2023
859,Meera,Delhi,Phone,Electronics,29735,2,59470,30-01-2024
860,Arun,Hyderabad,Laptop,Electronics,69707,3,209121,31-05-2024
861,Kiran,Bangalore,Phone,Electronics,29681,2,59362,09-02-2023
862,Rohit,Delhi,Phone,Electronics,29595,2,59190,14-05-2023
863,Neha,Delhi,Laptop,Electronics,70418,3,211254,17-03-2024
864,Rohit,Mumbai,Chair,Furniture,8395,1,8395,26-06-2024
865,Kiran,Bangalore,Mouse,Accessories,1108,2,2216,25-12-2023
866,Neha,Delhi,Phone,Electronics,29935,1,29935,18-09-2023
867,Meera,Bangalore,Phone,Electronics,29790,3,89370,10-07-2024
868,Kiran,Chennai,Keyboard,Accessories,1005,3,3015,08-01-2023
869,Neha,Delhi,Phone,Electronics,30032,1,30032,20-01-2024
870,Sneha,Chennai,Table,Furniture,9870,1,9870,08-06-2023
871,Kiran,Delhi,Monitor,Electronics,11767,3,35301,09-03-2024
872,Neha,Chennai,Monitor,Electronics,12196,2,24392,28-07-2023
873,Kiran,Delhi,Mouse,Accessories,483,2,966,26-07-2024
874,Rohit,Mumbai,Monitor,Electronics,11814,3,35442,19-12-2023
875,Kiran,Bangalore,Phone,Electronics,30265,1,30265,02-04-2024
876,Arun,Hyderabad,Keyboard,Accessories,1520,2,3040,13-12-2023
877,Rohit,Delhi,Laptop,Electronics,69664,2,139328,06-01-2023
878,Priya,Bangalore,Mouse,Accessories,1248,3,3744,21-03-2024
879,Priya,Hyderabad,Monitor,Electronics,11727,2,23454,23-03-2023
880,Neha,Hyderabad,Table,Furniture,10453,2,20906,17-06-2024
881,Vikram,Delhi,Laptop,Electronics,70468,1,70468,21-05-2024
882,Meera,Hyderabad,Keyboard,Accessories,1870,3,5610,14-06-2024
883,Vikram,Bangalore,Laptop,Electronics,70302,3,210906,06-06-2024
884,Rohit,Bangalore,Headphones,Accessories,3190,1,3190,04-01-2024
885,Sneha,Hyderabad,Headphones,Accessories,2588,2,5176,14-02-2024
886,Anita,Mumbai,Table,Furniture,10100,1,10100,14-06-2024
887,Rahul,Hyderabad,Phone,Electronics,30062,2,60124,26-07-2024
888,Neha,Chennai,Chair,Furniture,8486,2,16972,20-08-2023
889,Neha,Bangalore,Mouse,Accessories,1252,2,2504,11-08-2024
890,Rahul,Chennai,Headphones,Accessories,2916,3,8748,20-04-2023
891,Rohit,Hyderabad,Monitor,Electronics,11848,1,11848,09-06-2024
892,Vikram,Delhi,Monitor,Electronics,12210,2,24420,22-01-2024
893,Neha,Mumbai,Keyboard,Accessories,1775,2,3550,14-04-2024
894,Meera,Delhi,Laptop,Electronics,69993,1,69993,22-09-2023
895,Priya,Mumbai,Keyboard,Accessories,1693,3,5079,24-08-2023
896,Anita,Mumbai,Chair,Furniture,8028,3,24084,10-01-2023
897,Vikram,Bangalore,Monitor,Electronics,11595,2,23190,17-12-2023
898,Priya,Delhi,Headphones,Accessories,2987,2,5974,29-12-2023
899,Sneha,Delhi,Monitor,Electronics,11687,3,35061,14-07-2023
900,Meera,Bangalore,Keyboard,Accessories,1753,1,1753,29-09-2023
901,Sneha,Bangalore,Keyboard,Accessories,1854,1,1854,31-12-2023
902,Arun,Hyderabad,Phone,Electronics,30442,1,30442,19-05-2024
903,Neha,Hyderabad,Laptop,Electronics,70368,2,140736,16-01-2024
904,Neha,Chennai,Mouse,Accessories,1219,3,3657,09-10-2023
905,Meera,Bangalore,Monitor,Electronics,11907,1,11907,13-08-2024
906,Arun,Hyderabad,Table,Furniture,9989,3,29967,03-02-2023
907,Rohit,Chennai,Table,Furniture,10381,3,31143,28-06-2023
908,Meera,Hyderabad,Mouse,Accessories,623,3,1869,09-01-2023
909,Rahul,Bangalore,Table,Furniture,10094,1,10094,30-11-2023
910,Anita,Delhi,Monitor,Electronics,11691,3,35073,27-09-2023
911,Sneha,Chennai,Mouse,Accessories,1281,3,3843,18-12-2023
912,Anita,Bangalore,Mouse,Accessories,734,1,734,05-03-2024
913,Anita,Chennai,Table,Furniture,9786,2,19572,04-07-2023
914,Neha,Bangalore,Keyboard,Accessories,1833,1,1833,04-10-2023
915,Sneha,Delhi,Table,Furniture,10376,2,20752,20-07-2023
916,Arun,Bangalore,Mouse,Accessories,1125,1,1125,30-06-2023
917,Kiran,Mumbai,Headphones,Accessories,3414,3,10242,13-06-2024
918,Rohit,Chennai,Mouse,Accessories,607,2,1214,29-07-2024
919,Neha,Hyderabad,Table,Furniture,9601,3,28803,17-06-2023
920,Rahul,Bangalore,Monitor,Electronics,11987,3,35961,09-04-2023
921,Meera,Chennai,Monitor,Electronics,11869,2,23738,27-07-2024
922,Rohit,Chennai,Chair,Furniture,7520,2,15040,05-05-2023
923,Anita,Delhi,Keyboard,Accessories,1590,3,4770,05-07-2024
924,Arun,Chennai,Chair,Furniture,7832,3,23496,06-06-2024
925,Meera,Mumbai,Phone,Electronics,29890,3,89670,21-10-2023
926,Meera,Bangalore,Headphones,Accessories,3155,2,6310,07-03-2024
927,Neha,Delhi,Table,Furniture,10369,1,10369,23-03-2023
928,Arun,Chennai,Keyboard,Accessories,1321,2,2642,26-10-2023
929,Vikram,Delhi,Table,Furniture,9777,2,19554,07-01-2024
930,Neha,Delhi,Mouse,Accessories,723,1,723,08-07-2023
931,Rahul,Bangalore,Keyboard,Accessories,1677,2,3354,23-03-2023
932,Sneha,Bangalore,Table,Furniture,9605,1,9605,07-03-2023
933,Meera,Delhi,Laptop,Electronics,69526,2,139052,20-06-2024
934,Priya,Hyderabad,Monitor,Electronics,12132,1,12132,28-03-2023
935,Kiran,Chennai,Keyboard,Accessories,1253,3,3759,18-10-2023
936,Meera,Bangalore,Headphones,Accessories,3039,1,3039,30-01-2023
937,Rahul,Chennai,Chair,Furniture,8384,2,16768,23-04-2024
938,Rohit,Chennai,Mouse,Accessories,438,3,1314,06-07-2024
939,Arun,Delhi,Mouse,Accessories,946,3,2838,31-07-2024
940,Kiran,Delhi,Monitor,Electronics,12430,2,24860,08-05-2024
941,Rohit,Bangalore,Phone,Electronics,29952,2,59904,10-01-2024
942,Kiran,Chennai,Headphones,Accessories,2810,1,2810,01-01-2023
943,Rohit,Bangalore,Chair,Furniture,7793,2,15586,01-07-2024
944,Rahul,Mumbai,Mouse,Accessories,606,1,606,16-03-2024
945,Vikram,Delhi,Keyboard,Accessories,1815,1,1815,15-07-2024
946,Anita,Bangalore,Table,Furniture,10403,3,31209,23-03-2024
947,Kiran,Bangalore,Headphones,Accessories,3232,3,9696,04-02-2024
948,Kiran,Bangalore,Monitor,Electronics,11581,2,23162,03-09-2023
949,Rohit,Delhi,Monitor,Electronics,11791,3,35373,28-06-2024
950,Vikram,Mumbai,Keyboard,Accessories,1873,1,1873,06-07-2023
951,Arun,Chennai,Phone,Electronics,30152,2,60304,08-04-2024
952,Vikram,Delhi,Mouse,Accessories,492,2,984,20-01-2023
953,Arun,Hyderabad,Laptop,Electronics,69690,1,69690,16-10-2023
954,Vikram,Bangalore,Mouse,Accessories,1044,1,1044,27-08-2023
955,Priya,Bangalore,Laptop,Electronics,70005,1,70005,17-12-2023
956,Kiran,Chennai,Mouse,Accessories,680,2,1360,02-02-2023
957,Anita,Hyderabad,Headphones,Accessories,2557,2,5114,06-02-2024
958,Priya,Delhi,Mouse,Accessories,485,1,485,14-09-2023
959,Kiran,Hyderabad,Phone,Electronics,30497,3,91491,12-09-2023
960,Kiran,Mumbai,Keyboard,Accessories,1755,1,1755,23-07-2023
961,Meera,Hyderabad,Keyboard,Accessories,1484,2,2968,16-11-2023
962,Anita,Bangalore,Laptop,Electronics,70262,3,210786,17-06-2024
963,Priya,Chennai,Mouse,Accessories,953,2,1906,23-07-2023
964,Anita,Hyderabad,Keyboard,Accessories,1996,1,1996,30-08-2023
965,Kiran,Chennai,Laptop,Electronics,69671,2,139342,21-08-2024
966,Priya,Mumbai,Keyboard,Accessories,1009,1,1009,18-08-2024
967,Meera,Delhi,Headphones,Accessories,2880,1,2880,12-09-2023
968,Arun,Mumbai,Phone,Electronics,30202,3,90606,13-12-2023
969,Rahul,Hyderabad,Chair,Furniture,8160,1,8160,03-07-2024
970,Priya,Bangalore,Mouse,Accessories,538,2,1076,25-07-2024
971,Anita,Mumbai,Keyboard,Accessories,1021,3,3063,22-01-2024
972,Anita,Bangalore,Monitor,Electronics,12420,1,12420,11-05-2024
973,Meera,Delhi,Monitor,Electronics,12055,3,36165,16-05-2024
974,Sneha,Delhi,Headphones,Accessories,3056,2,6112,28-11-2023
975,Meera,Chennai,Headphones,Accessories,2570,3,7710,08-06-2023
976,Meera,Chennai,Monitor,Electronics,12054,2,24108,09-04-2024
977,Rahul,Delhi,Table,Furniture,10251,1,10251,20-01-2023
978,Neha,Chennai,Keyboard,Accessories,1328,3,3984,06-03-2023
979,Rohit,Mumbai,Keyboard,Accessories,1536,3,4608,24-05-2024
980,Rohit,Bangalore,Monitor,Electronics,11830,2,23660,26-11-2023
981,Priya,Hyderabad,Phone,Electronics,29544,1,29544,02-07-2023
982,Rahul,Bangalore,Phone,Electronics,29997,1,29997,12-04-2023
983,Rahul,Delhi,Table,Furniture,10173,2,20346,22-06-2024
984,Neha,Delhi,Monitor,Electronics,11550,2,23100,15-08-2023
985,Neha,Hyderabad,Laptop,Electronics,70452,1,70452,18-05-2024
986,Priya,Mumbai,Laptop,Electronics,69869,3,209607,01-03-2024
987,Anita,Hyderabad,Monitor,Electronics,12041,1,12041,14-03-2023
988,Vikram,Hyderabad,Keyboard,Accessories,1983,3,5949,10-04-2023
989,Priya,Bangalore,Table,Furniture,9694,1,9694,22-06-2024
990,Sneha,Delhi,Headphones,Accessories,3071,3,9213,25-07-2024
991,Kiran,Hyderabad,Chair,Furniture,8190,2,16380,13-03-2024
992,Priya,Bangalore,Headphones,Accessories,3063,2,6126,31-05-2024
993,Anita,Bangalore,Mouse,Accessories,1255,2,2510,19-11-2023
994,Rohit,Chennai,Chair,Furniture,7922,3,23766,16-03-2024
995,Anita,Delhi,Keyboard,Accessories,1576,3,4728,08-08-2023
996,Kiran,Delhi,Monitor,Electronics,11868,2,23736,03-04-2024
997,Kiran,Hyderabad,Laptop,Electronics,69791,3,209373,17-01-2023
998,Rohit,Bangalore,Monitor,Electronics,11506,2,23012,16-08-2023
999,Sneha,Chennai,Laptop,Electronics,70290,3,210870,10-10-2023
1000,Rohit,Delhi,Headphones,Accessories,2596,1,2596,16-04-2024
1001,Anita,Bangalore,Headphones,Accessories,2771,2,5542,19-08-2024
1002,Sneha,Bangalore,Monitor,Electronics,12330,2,24660,05-04-2023
1003,Neha,Mumbai,Keyboard,Accessories,1751,1,1751,29-11-2023
1004,Meera,Bangalore,Mouse,Accessories,1145,3,3435,13-08-2024
1005,Priya,Delhi,Monitor,Electronics,11538,3,34614,13-08-2024
1006,Kiran,Hyderabad,Laptop,Electronics,70443,2,140886,23-12-2023
1007,Kiran,Mumbai,Phone,Electronics,30390,1,30390,12-01-2023
1008,Kiran,Hyderabad,Monitor,Electronics,12036,1,12036,23-11-2023
1009,Rohit,Delhi,Headphones,Accessories,2834,3,8502,15-08-2023
1010,Arun,Hyderabad,Table,Furniture,10494,2,20988,12-08-2024
1011,Rohit,Hyderabad,Keyboard,Accessories,1442,2,2884,08-02-2024
1012,Arun,Bangalore,Chair,Furniture,7584,2,15168,08-08-2024
1013,Rahul,Delhi,Table,Furniture,9768,1,9768,13-02-2024
1014,Rohit,Mumbai,Headphones,Accessories,3280,1,3280,07-05-2024
1015,Rohit,Bangalore,Mouse,Accessories,704,3,2112,08-08-2024
1016,Sneha,Delhi,Keyboard,Accessories,1248,1,1248,30-09-2023
1017,Kiran,Chennai,Phone,Electronics,29615,3,88845,28-02-2024
1018,Kiran,Chennai,Chair,Furniture,7695,2,15390,19-12-2023
1019,Neha,Hyderabad,Monitor,Electronics,11673,2,23346,28-03-2024
1020,Neha,Bangalore,Mouse,Accessories,345,1,345,24-07-2023
1021,Anita,Bangalore,Phone,Electronics,29615,3,88845,25-02-2023
1022,Sneha,Delhi,Headphones,Accessories,3389,2,6778,15-01-2023
1023,Anita,Hyderabad,Monitor,Electronics,11960,2,23920,24-01-2023
1024,Anita,Bangalore,Keyboard,Accessories,1208,3,3624,19-06-2024
1025,Vikram,Delhi,Mouse,Accessories,937,3,2811,25-05-2023
1026,Rahul,Mumbai,Laptop,Electronics,69761,1,69761,03-03-2023
1027,Vikram,Bangalore,Monitor,Electronics,11554,2,23108,09-01-2023
1028,Priya,Mumbai,Monitor,Electronics,12178,3,36534,04-01-2024
1029,Priya,Hyderabad,Monitor,Electronics,12388,3,37164,31-01-2024
1030,Sneha,Mumbai,Phone,Electronics,30425,2,60850,11-05-2024
1031,Neha,Delhi,Phone,Electronics,29690,1,29690,27-05-2024
1032,Meera,Delhi,Laptop,Electronics,69540,1,69540,26-06-2024
1033,Vikram,Chennai,Mouse,Accessories,702,3,2106,10-06-2023
1034,Rahul,Chennai,Chair,Furniture,7863,3,23589,06-11-2023
1035,Sneha,Delhi,Monitor,Electronics,12331,1,12331,21-09-2023
1036,Kiran,Hyderabad,Monitor,Electronics,11730,1,11730,16-12-2023
1037,Kiran,Bangalore,Phone,Electronics,30247,2,60494,17-06-2024
1038,Neha,Bangalore,Table,Furniture,9746,3,29238,06-06-2023
1039,Kiran,Chennai,Chair,Furniture,7959,3,23877,15-05-2023
1040,Sneha,Bangalore,Keyboard,Accessories,1883,1,1883,13-11-2023
1041,Rohit,Bangalore,Table,Furniture,10430,1,10430,01-08-2024
1042,Arun,Chennai,Phone,Electronics,30070,3,90210,02-05-2023
1043,Arun,Chennai,Headphones,Accessories,3244,1,3244,23-11-2023
1044,Kiran,Mumbai,Monitor,Electronics,11953,3,35859,08-10-2023
1045,Arun,Bangalore,Phone,Electronics,29634,1,29634,27-01-2023
1046,Neha,Delhi,Monitor,Electronics,12120,3,36360,25-08-2023
1047,Neha,Bangalore,Keyboard,Accessories,1703,1,1703,03-01-2024
1048,Priya,Mumbai,Headphones,Accessories,3014,3,9042,25-04-2024
1049,Anita,Bangalore,Table,Furniture,10003,2,20006,21-05-2023
1050,Arun,Bangalore,Keyboard,Accessories,1033,2,2066,16-01-2023
1051,Vikram,Mumbai,Keyboard,Accessories,1760,3,5280,27-07-2023
1052,Sneha,Hyderabad,Headphones,Accessories,3449,2,6898,16-05-2024
1053,Anita,Mumbai,Keyboard,Accessories,1437,2,2874,12-02-2023
1054,Neha,Mumbai,Chair,Furniture,7903,3,23709,08-08-2024
1055,Neha,Delhi,Laptop,Electronics,70033,1,70033,07-04-2024
1056,Meera,Hyderabad,Keyboard,Accessories,1531,3,4593,10-02-2024
1057,Rahul,Delhi,Table,Furniture,10028,3,30084,20-02-2023
1058,Sneha,Chennai,Mouse,Accessories,707,2,1414,20-10-2023
1059,Meera,Bangalore,Table,Furniture,9801,3,29403,25-02-2023
1060,Rohit,Bangalore,Mouse,Accessories,1149,3,3447,07-04-2024
1061,Priya,Delhi,Phone,Electronics,29684,3,89052,13-07-2024
1062,Arun,Mumbai,Table,Furniture,9831,2,19662,26-01-2023
1063,Arun,Mumbai,Keyboard,Accessories,1903,2,3806,03-04-2023
1064,Vikram,Chennai,Headphones,Accessories,3235,3,9705,07-05-2023
1065,Priya,Hyderabad,Mouse,Accessories,949,2,1898,29-03-2023
1066,Rohit,Mumbai,Headphones,Accessories,2887,3,8661,25-01-2024
1067,Rahul,Bangalore,Chair,Furniture,8079,3,24237,03-06-2023
1068,Arun,Bangalore,Headphones,Accessories,3287,3,9861,22-02-2023
1069,Kiran,Chennai,Monitor,Electronics,12247,2,24494,23-10-2023
1070,Arun,Hyderabad,Headphones,Accessories,3483,1,3483,04-01-2023
1071,Neha,Chennai,Laptop,Electronics,69969,2,139938,25-05-2024
1072,Rohit,Hyderabad,Mouse,Accessories,543,1,543,02-05-2024
1073,Meera,Mumbai,Mouse,Accessories,381,3,1143,07-01-2023
1074,Sneha,Delhi,Monitor,Electronics,12134,3,36402,24-07-2024
1075,Sneha,Hyderabad,Headphones,Accessories,2651,1,2651,24-12-2023
1076,Rahul,Bangalore,Laptop,Electronics,70183,3,210549,02-11-2023
1077,Anita,Hyderabad,Laptop,Electronics,69611,2,139222,02-07-2023
1078,Arun,Chennai,Headphones,Accessories,3489,2,6978,15-08-2024
1079,Anita,Hyderabad,Phone,Electronics,30286,2,60572,27-11-2023
1080,Anita,Mumbai,Phone,Electronics,30276,2,60552,17-07-2024
1081,Priya,Chennai,Mouse,Accessories,437,1,437,09-10-2023
1082,Anita,Delhi,Table,Furniture,10037,1,10037,03-08-2023
1083,Neha,Hyderabad,Phone,Electronics,30085,3,90255,25-06-2024
1084,Priya,Mumbai,Monitor,Electronics,11937,3,35811,21-11-2023
1085,Vikram,Delhi,Chair,Furniture,8449,1,8449,30-07-2024
1086,Meera,Delhi,Mouse,Accessories,804,1,804,27-08-2023
1087,Vikram,Bangalore,Laptop,Electronics,69621,1,69621,21-04-2024
1088,Priya,Bangalore,Table,Furniture,9923,1,9923,08-12-2023
1089,Anita,Delhi,Keyboard,Accessories,1011,3,3033,26-07-2023
1090,Vikram,Chennai,Phone,Electronics,29815,2,59630,02-06-2024
1091,Rohit,Chennai,Laptop,Electronics,69616,3,208848,08-12-2023
1092,Anita,Mumbai,Laptop,Electronics,70352,1,70352,18-07-2023
1093,Anita,Chennai,Mouse,Accessories,1238,2,2476,06-02-2023
1094,Arun,Mumbai,Headphones,Accessories,3142,2,6284,03-07-2024
1095,Anita,Mumbai,Table,Furniture,10450,3,31350,27-02-2023
1096,Rohit,Chennai,Chair,Furniture,8068,3,24204,20-01-2023
1097,Sneha,Delhi,Chair,Furniture,8318,2,16636,09-03-2023
1098,Arun,Chennai,Laptop,Electronics,69847,2,139694,01-07-2024
1099,Arun,Delhi,Table,Furniture,9691,3,29073,30-04-2023
1100,Vikram,Chennai,Laptop,Electronics,69778,2,139556,30-03-2023
1101,Meera,Bangalore,Chair,Furniture,7962,2,15924,10-08-2023
1102,Rohit,Chennai,Headphones,Accessories,2614,2,5228,08-02-2023
1103,Sneha,Hyderabad,Mouse,Accessories,818,1,818,09-05-2024
1104,Rohit,Bangalore,Keyboard,Accessories,1348,2,2696,20-06-2024
1105,Vikram,Chennai,Headphones,Accessories,3287,1,3287,12-06-2024
1106,Arun,Bangalore,Laptop,Electronics,69970,2,139940,18-06-2024
1107,Priya,Hyderabad,Monitor,Electronics,12454,1,12454,31-03-2023
1108,Anita,Mumbai,Laptop,Electronics,69605,3,208815,16-11-2023
1109,Rahul,Delhi,Monitor,Electronics,12154,1,12154,25-11-2023
1110,Sneha,Bangalore,Monitor,Electronics,11783,3,35349,23-11-2023
1111,Meera,Hyderabad,Monitor,Electronics,11652,1,11652,08-10-2023
1112,Priya,Hyderabad,Phone,Electronics,29711,3,89133,25-12-2023
1113,Rohit,Chennai,Monitor,Electronics,11644,3,34932,18-10-2023
1114,Neha,Bangalore,Headphones,Accessories,2572,2,5144,13-12-2023
1115,Rohit,Mumbai,Laptop,Electronics,69633,1,69633,27-04-2024
1116,Rahul,Hyderabad,Table,Furniture,9555,1,9555,12-03-2024
1117,Kiran,Bangalore,Mouse,Accessories,931,2,1862,16-11-2023
1118,Anita,Bangalore,Phone,Electronics,30497,2,60994,04-08-2024
1119,Arun,Hyderabad,Mouse,Accessories,399,2,798,14-11-2023
1120,Meera,Mumbai,Keyboard,Accessories,1970,1,1970,28-05-2023
1121,Neha,Chennai,Chair,Furniture,7901,1,7901,05-12-2023
1122,Anita,Mumbai,Mouse,Accessories,330,1,330,01-05-2024
1123,Priya,Chennai,Mouse,Accessories,772,1,772,17-10-2023
1124,Anita,Delhi,Headphones,Accessories,3020,1,3020,20-02-2024
1125,Priya,Chennai,Phone,Electronics,30311,2,60622,29-06-2024
1126,Meera,Mumbai,Table,Furniture,9744,3,29232,07-09-2023
1127,Rohit,Bangalore,Mouse,Accessories,693,1,693,15-12-2023
1128,Sneha,Delhi,Table,Furniture,10303,2,20606,03-08-2024
1129,Anita,Delhi,Keyboard,Accessories,1177,3,3531,21-03-2023
1130,Neha,Mumbai,Phone,Electronics,30106,3,90318,19-04-2024
1131,Anita,Delhi,Phone,Electronics,30341,2,60682,30-06-2023
1132,Vikram,Mumbai,Phone,Electronics,30112,1,30112,24-01-2024
1133,Anita,Mumbai,Laptop,Electronics,69592,1,69592,23-05-2023
1134,Neha,Hyderabad,Headphones,Accessories,3176,1,3176,08-04-2024
1135,Rohit,Chennai,Table,Furniture,10130,3,30390,02-04-2024
1136,Sneha,Bangalore,Chair,Furniture,7806,3,23418,08-11-2023
1137,Kiran,Chennai,Phone,Electronics,30096,1,30096,06-06-2024
1138,Kiran,Bangalore,Monitor,Electronics,11563,2,23126,16-07-2024
1139,Rahul,Hyderabad,Chair,Furniture,7612,2,15224,01-02-2023
1140,Sneha,Mumbai,Table,Furniture,10140,2,20280,27-01-2024
1141,Kiran,Mumbai,Table,Furniture,10058,1,10058,27-06-2023
1142,Meera,Bangalore,Keyboard,Accessories,1568,2,3136,04-01-2024
1143,Kiran,Bangalore,Monitor,Electronics,12393,3,37179,09-05-2023
1144,Arun,Hyderabad,Phone,Electronics,30163,1,30163,28-05-2023
1145,Meera,Mumbai,Headphones,Accessories,2586,1,2586,01-03-2024
1146,Meera,Delhi,Table,Furniture,10138,1,10138,10-04-2024
1147,Rohit,Mumbai,Mouse,Accessories,693,2,1386,20-08-2023
1148,Arun,Mumbai,Laptop,Electronics,70091,2,140182,31-08-2023
1149,Rohit,Chennai,Table,Furniture,10448,3,31344,13-08-2024
1150,Anita,Hyderabad,Laptop,Electronics,70081,2,140162,13-01-2024
1151,Priya,Delhi,Mouse,Accessories,1284,3,3852,23-03-2023
1152,Arun,Delhi,Monitor,Electronics,11976,3,35928,22-03-2023
1153,Rohit,Delhi,Phone,Electronics,29751,2,59502,21-03-2023
1154,Rohit,Delhi,Monitor,Electronics,12127,1,12127,18-12-2023
1155,Rohit,Hyderabad,Mouse,Accessories,764,3,2292,25-04-2024
1156,Neha,Chennai,Table,Furniture,9861,2,19722,24-10-2023
1157,Arun,Hyderabad,Monitor,Electronics,12244,3,36732,24-09-2023
1158,Rahul,Mumbai,Headphones,Accessories,3086,1,3086,26-10-2023
1159,Neha,Hyderabad,Monitor,Electronics,11996,1,11996,10-05-2023
1160,Rohit,Hyderabad,Monitor,Electronics,11758,1,11758,15-10-2023
1161,Vikram,Chennai,Laptop,Electronics,70259,1,70259,28-06-2023
1162,Neha,Bangalore,Mouse,Accessories,678,1,678,25-09-2023
1163,Sneha,Mumbai,Headphones,Accessories,3318,3,9954,03-02-2023
1164,Anita,Hyderabad,Headphones,Accessories,3109,1,3109,22-05-2024
1165,Kiran,Mumbai,Keyboard,Accessories,1676,2,3352,21-06-2023
1166,Sneha,Delhi,Chair,Furniture,7555,3,22665,28-09-2023
1167,Priya,Hyderabad,Headphones,Accessories,2975,2,5950,02-05-2024
1168,Vikram,Mumbai,Keyboard,Accessories,1388,3,4164,04-02-2024
1169,Meera,Chennai,Headphones,Accessories,3043,2,6086,13-01-2023
1170,Vikram,Mumbai,Table,Furniture,10194,2,20388,26-06-2024
1171,Rahul,Hyderabad,Chair,Furniture,8479,2,16958,07-10-2023
1172,Anita,Chennai,Monitor,Electronics,12321,1,12321,19-09-2023
1173,Neha,Mumbai,Mouse,Accessories,1091,3,3273,05-09-2023
1174,Neha,Bangalore,Chair,Furniture,8193,3,24579,04-07-2023
1175,Anita,Delhi,Laptop,Electronics,70188,1,70188,11-03-2023
1176,Rahul,Mumbai,Phone,Electronics,30037,1,30037,01-04-2024
1177,Anita,Bangalore,Monitor,Electronics,11757,1,11757,04-02-2023
1178,Rahul,Delhi,Phone,Electronics,29558,3,88674,11-08-2023
1179,Neha,Hyderabad,Phone,Electronics,29588,3,88764,14-05-2023
1180,Kiran,Delhi,Headphones,Accessories,3417,1,3417,08-07-2023
1181,Vikram,Chennai,Mouse,Accessories,976,1,976,09-04-2024
1182,Vikram,Mumbai,Chair,Furniture,7763,1,7763,17-03-2023
1183,Vikram,Hyderabad,Table,Furniture,9897,2,19794,03-03-2023
1184,Vikram,Chennai,Headphones,Accessories,2951,1,2951,18-05-2024
1185,Sneha,Delhi,Table,Furniture,9682,3,29046,18-05-2024
1186,Priya,Bangalore,Table,Furniture,9723,3,29169,19-04-2023
1187,Meera,Chennai,Phone,Electronics,29535,1,29535,14-03-2023
1188,Neha,Chennai,Mouse,Accessories,319,2,638,02-06-2023
1189,Rahul,Hyderabad,Table,Furniture,9772,1,9772,04-12-2023
1190,Kiran,Delhi,Laptop,Electronics,70027,3,210081,17-05-2024
1191,Meera,Mumbai,Table,Furniture,10364,3,31092,13-03-2023
1192,Rohit,Bangalore,Laptop,Electronics,69893,3,209679,08-05-2024
1193,Priya,Delhi,Chair,Furniture,7841,3,23523,07-11-2023
1194,Kiran,Hyderabad,Phone,Electronics,29874,3,89622,15-12-2023
1195,Priya,Mumbai,Monitor,Electronics,12163,1,12163,30-06-2023
1196,Rohit,Hyderabad,Table,Furniture,10176,1,10176,03-11-2023
1197,Kiran,Hyderabad,Chair,Furniture,7998,1,7998,24-03-2024
1198,Sneha,Bangalore,Laptop,Electronics,69697,1,69697,02-09-2023
1199,Meera,Mumbai,Phone,Electronics,30311,3,90933,12-11-2023
1200,Meera,Delhi,Mouse,Accessories,1289,1,1289,07-02-2023
1201,Anita,Hyderabad,Chair,Furniture,8306,3,24918,13-02-2023
1202,Kiran,Hyderabad,Keyboard,Accessories,1826,3,5478,19-06-2024
1203,Meera,Delhi,Headphones,Accessories,3258,3,9774,27-08-2023
1204,Priya,Hyderabad,Headphones,Accessories,3000,3,9000,20-01-2023
1205,Meera,Delhi,Laptop,Electronics,69748,3,209244,14-05-2023
1206,Rahul,Bangalore,Laptop,Electronics,70426,2,140852,10-04-2023
1207,Meera,Delhi,Headphones,Accessories,3355,3,10065,07-03-2023
1208,Priya,Hyderabad,Mouse,Accessories,909,3,2727,14-08-2023
1209,Priya,Bangalore,Table,Furniture,9845,3,29535,16-02-2024
1210,Anita,Hyderabad,Headphones,Accessories,2829,1,2829,16-02-2023
1211,Neha,Bangalore,Chair,Furniture,7564,1,7564,08-10-2023
1212,Arun,Mumbai,Headphones,Accessories,3213,2,6426,20-07-2024
1213,Arun,Mumbai,Keyboard,Accessories,1947,3,5841,11-02-2023
1214,Arun,Hyderabad,Table,Furniture,10296,1,10296,17-01-2023
1215,Meera,Hyderabad,Laptop,Electronics,69507,1,69507,02-04-2023
1216,Neha,Chennai,Table,Furniture,10210,2,20420,10-05-2023
1217,Sneha,Bangalore,Monitor,Electronics,12035,2,24070,26-02-2024
1218,Sneha,Bangalore,Laptop,Electronics,70110,1,70110,26-05-2024
1219,Neha,Hyderabad,Monitor,Electronics,11856,2,23712,05-01-2023
1220,Rohit,Bangalore,Keyboard,Accessories,1120,3,3360,08-04-2023
1221,Neha,Chennai,Keyboard,Accessories,1475,3,4425,02-08-2023
1222,Vikram,Hyderabad,Keyboard,Accessories,1115,1,1115,30-04-2024
1223,Meera,Bangalore,Headphones,Accessories,3186,1,3186,25-02-2023
1224,Anita,Chennai,Keyboard,Accessories,1445,2,2890,09-12-2023
1225,Neha,Mumbai,Laptop,Electronics,69606,3,208818,23-02-2023
1226,Rohit,Bangalore,Headphones,Accessories,3304,1,3304,11-05-2024
1227,Rohit,Hyderabad,Phone,Electronics,30416,1,30416,31-03-2024
1228,Neha,Delhi,Chair,Furniture,7929,1,7929,30-11-2023
1229,Sneha,Hyderabad,Chair,Furniture,7733,1,7733,31-08-2023
1230,Kiran,Bangalore,Table,Furniture,10412,1,10412,17-03-2023
1231,Meera,Delhi,Mouse,Accessories,355,2,710,29-05-2023
1232,Sneha,Delhi,Mouse,Accessories,482,2,964,18-01-2024
1233,Arun,Mumbai,Keyboard,Accessories,1647,2,3294,04-10-2023
1234,Sneha,Chennai,Headphones,Accessories,2532,3,7596,05-08-2024
1235,Rahul,Chennai,Headphones,Accessories,2613,2,5226,14-04-2024
1236,Kiran,Bangalore,Chair,Furniture,7725,2,15450,10-06-2023
1237,Neha,Bangalore,Keyboard,Accessories,1088,2,2176,18-06-2024
1238,Meera,Bangalore,Mouse,Accessories,1157,2,2314,13-10-2023
1239,Rahul,Mumbai,Keyboard,Accessories,1253,2,2506,20-03-2024
1240,Neha,Bangalore,Headphones,Accessories,3435,3,10305,06-01-2023
1241,Kiran,Hyderabad,Laptop,Electronics,69981,3,209943,31-05-2024
1242,Rahul,Mumbai,Table,Furniture,9990,3,29970,11-04-2023
1243,Meera,Mumbai,Keyboard,Accessories,1085,3,3255,13-01-2023
1244,Kiran,Bangalore,Headphones,Accessories,2867,2,5734,02-09-2023
1245,Priya,Hyderabad,Mouse,Accessories,985,2,1970,15-06-2023
1246,Meera,Delhi,Laptop,Electronics,70499,2,140998,19-04-2024
1247,Arun,Mumbai,Headphones,Accessories,3308,2,6616,20-04-2024
1248,Rahul,Hyderabad,Table,Furniture,10414,3,31242,07-12-2023
1249,Rohit,Hyderabad,Monitor,Electronics,11936,2,23872,09-07-2024
1250,Neha,Bangalore,Phone,Electronics,30135,2,60270,26-02-2023
1251,Rohit,Chennai,Laptop,Electronics,69613,2,139226,10-01-2024
1252,Meera,Delhi,Laptop,Electronics,69874,2,139748,29-06-2023
1253,Rohit,Hyderabad,Keyboard,Accessories,1141,2,2282,02-09-2023
1254,Rohit,Hyderabad,Mouse,Accessories,1055,3,3165,03-08-2023
1255,Sneha,Chennai,Chair,Furniture,8419,2,16838,30-05-2024
1256,Kiran,Chennai,Laptop,Electronics,69564,2,139128,20-12-2023
1257,Meera,Mumbai,Phone,Electronics,29981,3,89943,28-06-2024
1258,Rohit,Chennai,Mouse,Accessories,935,2,1870,09-03-2023
1259,Sneha,Mumbai,Phone,Electronics,29582,2,59164,03-07-2023
1260,Vikram,Hyderabad,Phone,Electronics,29668,2,59336,25-04-2023
1261,Arun,Mumbai,Headphones,Accessories,3395,1,3395,17-06-2024
1262,Rahul,Chennai,Table,Furniture,10492,3,31476,08-07-2024
1263,Arun,Mumbai,Chair,Furniture,7930,2,15860,22-01-2023
1264,Vikram,Bangalore,Phone,Electronics,29522,1,29522,16-06-2024
1265,Anita,Mumbai,Chair,Furniture,8171,3,24513,01-12-2023
1266,Meera,Delhi,Mouse,Accessories,768,2,1536,03-08-2024
1267,Arun,Chennai,Headphones,Accessories,3308,2,6616,21-08-2023
1268,Meera,Chennai,Monitor,Electronics,12288,1,12288,01-06-2023
1269,Anita,Chennai,Mouse,Accessories,1279,1,1279,14-06-2023
1270,Rohit,Chennai,Headphones,Accessories,3496,1,3496,07-06-2023
1271,Arun,Bangalore,Phone,Electronics,29542,2,59084,11-08-2024
1272,Arun,Mumbai,Monitor,Electronics,11878,1,11878,30-07-2023
1273,Rohit,Hyderabad,Chair,Furniture,7852,1,7852,17-01-2024
1274,Meera,Delhi,Headphones,Accessories,3046,2,6092,05-05-2023
1275,Rahul,Mumbai,Mouse,Accessories,1086,1,1086,14-04-2024
1276,Anita,Bangalore,Laptop,Electronics,70493,3,211479,13-07-2024
1277,Rohit,Chennai,Monitor,Electronics,11985,2,23970,10-08-2024
1278,Arun,Delhi,Mouse,Accessories,646,3,1938,26-04-2023
1279,Meera,Hyderabad,Headphones,Accessories,3194,3,9582,30-04-2023
1280,Vikram,Hyderabad,Table,Furniture,10132,1,10132,01-04-2024
1281,Anita,Hyderabad,Chair,Furniture,7556,3,22668,19-07-2023
1282,Neha,Delhi,Keyboard,Accessories,1800,2,3600,20-07-2023
1283,Rahul,Hyderabad,Mouse,Accessories,993,3,2979,31-03-2023
1284,Rohit,Mumbai,Keyboard,Accessories,1502,2,3004,07-06-2024
1285,Rahul,Chennai,Table,Furniture,9651,3,28953,13-03-2024
1286,Anita,Mumbai,Chair,Furniture,7512,2,15024,20-12-2023
1287,Anita,Chennai,Mouse,Accessories,1195,3,3585,31-03-2023
1288,Sneha,Mumbai,Table,Furniture,10322,2,20644,23-10-2023
1289,Arun,Mumbai,Table,Furniture,9642,3,28926,30-03-2023
1290,Arun,Bangalore,Monitor,Electronics,11986,3,35958,10-12-2023
1291,Priya,Delhi,Table,Furniture,9590,1,9590,24-02-2024
1292,Vikram,Mumbai,Headphones,Accessories,3069,2,6138,04-08-2024
1293,Arun,Bangalore,Headphones,Accessories,3352,2,6704,24-10-2023
1294,Rohit,Mumbai,Laptop,Electronics,70342,2,140684,22-08-2024
1295,Vikram,Mumbai,Mouse,Accessories,529,1,529,03-01-2023
1296,Arun,Chennai,Monitor,Electronics,12478,3,37434,28-04-2024
1297,Priya,Chennai,Table,Furniture,9683,2,19366,08-09-2023
1298,Rahul,Hyderabad,Monitor,Electronics,12004,1,12004,06-01-2024
1299,Neha,Mumbai,Table,Furniture,10389,2,20778,02-05-2024
1300,Priya,Chennai,Laptop,Electronics,70365,2,140730,16-06-2023
1301,Neha,Hyderabad,Headphones,Accessories,2827,2,5654,19-05-2023
1302,Anita,Bangalore,Laptop,Electronics,69779,2,139558,05-03-2024
1303,Anita,Hyderabad,Monitor,Electronics,11798,3,35394,20-03-2023
1304,Rohit,Bangalore,Headphones,Accessories,3283,1,3283,21-06-2023
1305,Rohit,Chennai,Chair,Furniture,8346,3,25038,05-11-2023
1306,Vikram,Chennai,Phone,Electronics,30047,3,90141,27-12-2023
1307,Arun,Hyderabad,Headphones,Accessories,3030,2,6060,17-01-2024
1308,Meera,Mumbai,Chair,Furniture,8443,1,8443,15-04-2023
1309,Sneha,Bangalore,Keyboard,Accessories,1851,1,1851,26-07-2024
1310,Neha,Delhi,Phone,Electronics,29927,2,59854,20-03-2023
1311,Priya,Bangalore,Laptop,Electronics,69991,2,139982,16-11-2023
1312,Anita,Bangalore,Mouse,Accessories,1211,3,3633,19-06-2024
1313,Anita,Bangalore,Monitor,Electronics,11529,3,34587,02-05-2023
1314,Sneha,Bangalore,Headphones,Accessories,3204,1,3204,11-11-2023
1315,Arun,Bangalore,Headphones,Accessories,2580,2,5160,25-04-2023
1316,Priya,Hyderabad,Mouse,Accessories,1075,2,2150,13-02-2023
1317,Sneha,Hyderabad,Laptop,Electronics,70312,3,210936,09-06-2024
1318,Neha,Hyderabad,Mouse,Accessories,421,2,842,14-02-2023
1319,Priya,Chennai,Laptop,Electronics,70272,1,70272,07-05-2023
1320,Neha,Bangalore,Keyboard,Accessories,1189,3,3567,26-12-2023
1321,Rahul,Hyderabad,Headphones,Accessories,3366,3,10098,12-10-2023
1322,Neha,Chennai,Chair,Furniture,7664,3,22992,05-09-2023
1323,Rohit,Delhi,Phone,Electronics,29601,3,88803,15-01-2023
1324,Rohit,Bangalore,Keyboard,Accessories,1987,2,3974,25-06-2023
1325,Rohit,Hyderabad,Phone,Electronics,30446,1,30446,31-05-2024
1326,Meera,Chennai,Headphones,Accessories,2950,3,8850,20-04-2023
1327,Arun,Chennai,Table,Furniture,9934,1,9934,10-06-2024
1328,Sneha,Mumbai,Phone,Electronics,30279,2,60558,07-05-2023
1329,Meera,Hyderabad,Headphones,Accessories,3007,2,6014,23-10-2023
1330,Rohit,Hyderabad,Phone,Electronics,29835,2,59670,29-04-2023
1331,Kiran,Chennai,Mouse,Accessories,914,3,2742,16-11-2023
1332,Meera,Bangalore,Table,Furniture,9797,2,19594,13-07-2023
1333,Priya,Mumbai,Chair,Furniture,7683,1,7683,18-05-2024
1334,Priya,Mumbai,Mouse,Accessories,835,3,2505,29-03-2023
1335,Priya,Bangalore,Table,Furniture,9910,3,29730,15-04-2023
1336,Arun,Hyderabad,Chair,Furniture,8498,1,8498,13-12-2023
1337,Sneha,Delhi,Table,Furniture,9625,1,9625,10-03-2024
1338,Meera,Chennai,Monitor,Electronics,12274,3,36822,14-02-2024
1339,Anita,Mumbai,Table,Furniture,9996,3,29988,13-10-2023
1340,Arun,Mumbai,Phone,Electronics,29625,2,59250,16-05-2024
1341,Meera,Bangalore,Headphones,Accessories,2530,1,2530,24-02-2023
1342,Priya,Mumbai,Laptop,Electronics,70495,1,70495,27-01-2024
1343,Neha,Chennai,Headphones,Accessories,2810,3,8430,09-04-2023
1344,Priya,Delhi,Mouse,Accessories,1111,2,2222,26-07-2023
1345,Vikram,Mumbai,Mouse,Accessories,816,2,1632,09-07-2024
1346,Anita,Delhi,Laptop,Electronics,70475,1,70475,16-03-2024
1347,Priya,Mumbai,Mouse,Accessories,622,2,1244,29-03-2024
1348,Meera,Hyderabad,Laptop,Electronics,69681,3,209043,07-11-2023
1349,Arun,Mumbai,Table,Furniture,9637,2,19274,03-02-2024
1350,Meera,Hyderabad,Mouse,Accessories,975,3,2925,06-07-2024
1351,Neha,Mumbai,Mouse,Accessories,875,1,875,02-06-2024
1352,Rahul,Mumbai,Monitor,Electronics,12006,3,36018,22-01-2024
1353,Neha,Chennai,Monitor,Electronics,11828,1,11828,29-01-2023
1354,Neha,Hyderabad,Headphones,Accessories,3357,2,6714,24-12-2023
1355,Neha,Hyderabad,Chair,Furniture,7889,1,7889,14-03-2024
1356,Anita,Chennai,Table,Furniture,9859,1,9859,08-09-2023
1357,Sneha,Bangalore,Monitor,Electronics,12106,1,12106,09-03-2023
1358,Vikram,Hyderabad,Chair,Furniture,7673,1,7673,05-07-2024
1359,Anita,Hyderabad,Mouse,Accessories,973,2,1946,04-08-2024
1360,Rohit,Mumbai,Monitor,Electronics,11520,3,34560,25-04-2024
1361,Neha,Hyderabad,Chair,Furniture,7886,3,23658,04-02-2024
1362,Anita,Delhi,Phone,Electronics,30327,2,60654,13-04-2023
1363,Sneha,Chennai,Mouse,Accessories,814,3,2442,14-12-2023
1364,Arun,Delhi,Monitor,Electronics,11872,2,23744,26-07-2023
1365,Meera,Hyderabad,Keyboard,Accessories,1294,2,2588,18-02-2023
1366,Vikram,Delhi,Table,Furniture,10323,1,10323,05-04-2023
1367,Neha,Hyderabad,Chair,Furniture,7779,1,7779,03-08-2024
1368,Rohit,Mumbai,Table,Furniture,9714,2,19428,20-03-2023
1369,Vikram,Delhi,Monitor,Electronics,11943,3,35829,06-07-2024
1370,Anita,Bangalore,Table,Furniture,9911,2,19822,11-06-2024
1371,Meera,Delhi,Headphones,Accessories,3402,1,3402,12-06-2024
1372,Arun,Delhi,Mouse,Accessories,518,3,1554,23-04-2024
1373,Vikram,Delhi,Table,Furniture,10457,3,31371,03-03-2023
1374,Rohit,Bangalore,Chair,Furniture,7973,1,7973,04-09-2023
1375,Arun,Chennai,Table,Furniture,9920,2,19840,07-03-2023
1376,Sneha,Mumbai,Monitor,Electronics,12343,2,24686,14-06-2023
1377,Vikram,Delhi,Keyboard,Accessories,1415,1,1415,27-04-2023
1378,Arun,Bangalore,Laptop,Electronics,69751,2,139502,20-04-2024
1379,Meera,Delhi,Table,Furniture,9932,3,29796,07-02-2023
1380,Sneha,Bangalore,Monitor,Electronics,11639,1,11639,22-09-2023
1381,Vikram,Delhi,Headphones,Accessories,3159,1,3159,12-05-2024
1382,Rahul,Hyderabad,Phone,Electronics,29821,3,89463,02-11-2023
1383,Priya,Mumbai,Chair,Furniture,8187,3,24561,03-04-2023
1384,Kiran,Bangalore,Keyboard,Accessories,1114,3,3342,27-05-2024
1385,Priya,Delhi,Monitor,Electronics,12008,1,12008,01-09-2023
1386,Neha,Hyderabad,Chair,Furniture,7837,3,23511,04-02-2024
1387,Sneha,Mumbai,Keyboard,Accessories,1147,1,1147,29-06-2023
1388,Sneha,Chennai,Mouse,Accessories,718,2,1436,27-02-2023
1389,Meera,Delhi,Chair,Furniture,8216,1,8216,21-11-2023
1390,Rohit,Mumbai,Mouse,Accessories,999,1,999,12-10-2023
1391,Arun,Chennai,Mouse,Accessories,1032,2,2064,12-11-2023
1392,Rahul,Delhi,Laptop,Electronics,70361,3,211083,25-02-2023
1393,Sneha,Chennai,Table,Furniture,9816,3,29448,07-01-2024
1394,Priya,Delhi,Keyboard,Accessories,1878,2,3756,02-02-2024
1395,Rahul,Mumbai,Monitor,Electronics,11808,1,11808,30-08-2023
1396,Vikram,Bangalore,Headphones,Accessories,3437,2,6874,21-11-2023
1397,Kiran,Hyderabad,Monitor,Electronics,12387,1,12387,18-05-2024
1398,Meera,Mumbai,Chair,Furniture,8234,2,16468,13-04-2023
1399,Arun,Chennai,Phone,Electronics,29860,2,59720,14-07-2024
1400,Anita,Mumbai,Laptop,Electronics,70280,1,70280,08-07-2023
1401,Meera,Bangalore,Laptop,Electronics,69910,1,69910,09-11-2023
1402,Anita,Delhi,Phone,Electronics,29613,1,29613,13-09-2023
1403,Rohit,Bangalore,Table,Furniture,10311,2,20622,07-04-2024
1404,Meera,Bangalore,Monitor,Electronics,11677,3,35031,02-12-2023
1405,Vikram,Bangalore,Phone,Electronics,29924,2,59848,06-07-2023
1406,Kiran,Mumbai,Keyboard,Accessories,1021,1,1021,25-07-2024
1407,Neha,Bangalore,Phone,Electronics,30497,2,60994,23-07-2023
1408,Vikram,Bangalore,Laptop,Electronics,69910,3,209730,15-03-2024
1409,Neha,Chennai,Headphones,Accessories,2591,2,5182,24-06-2023
1410,Neha,Hyderabad,Laptop,Electronics,70235,3,210705,21-03-2024
1411,Meera,Mumbai,Phone,Electronics,29729,3,89187,28-07-2023
1412,Sneha,Chennai,Monitor,Electronics,12264,2,24528,27-01-2024
1413,Arun,Mumbai,Keyboard,Accessories,1614,1,1614,17-10-2023
1414,Sneha,Mumbai,Headphones,Accessories,2918,1,2918,30-01-2023
1415,Vikram,Chennai,Keyboard,Accessories,1632,2,3264,12-09-2023
1416,Anita,Delhi,Mouse,Accessories,387,1,387,25-04-2024
1417,Arun,Chennai,Table,Furniture,10203,1,10203,28-01-2024
1418,Kiran,Delhi,Monitor,Electronics,11574,1,11574,24-07-2024
1419,Rahul,Hyderabad,Chair,Furniture,8453,1,8453,27-04-2024
1420,Anita,Delhi,Laptop,Electronics,69505,2,139010,31-05-2024
1421,Neha,Mumbai,Monitor,Electronics,12500,2,25000,15-01-2024
1422,Arun,Delhi,Laptop,Electronics,70094,1,70094,24-09-2023
1423,Arun,Delhi,Mouse,Accessories,1252,2,2504,24-04-2024
1424,Arun,Hyderabad,Chair,Furniture,8227,3,24681,19-03-2024
1425,Arun,Chennai,Phone,Electronics,29820,1,29820,11-05-2023
1426,Meera,Chennai,Chair,Furniture,8448,2,16896,17-10-2023
1427,Vikram,Delhi,Monitor,Electronics,12029,2,24058,22-03-2024
1428,Arun,Chennai,Mouse,Accessories,1082,1,1082,23-07-2024
1429,Meera,Hyderabad,Keyboard,Accessories,1152,1,1152,24-08-2023
1430,Arun,Hyderabad,Mouse,Accessories,566,1,566,23-04-2024
1431,Kiran,Hyderabad,Mouse,Accessories,341,2,682,01-01-2024
1432,Rohit,Mumbai,Mouse,Accessories,804,1,804,01-06-2023
1433,Priya,Chennai,Phone,Electronics,29708,2,59416,04-07-2023
1434,Arun,Delhi,Monitor,Electronics,12076,3,36228,22-08-2024
1435,Sneha,Delhi,Laptop,Electronics,70038,3,210114,04-07-2023
1436,Kiran,Hyderabad,Keyboard,Accessories,1786,2,3572,07-04-2023
1437,Anita,Hyderabad,Monitor,Electronics,12197,3,36591,05-05-2023
1438,Kiran,Chennai,Phone,Electronics,30357,2,60714,07-06-2023
1439,Rahul,Hyderabad,Mouse,Accessories,1150,3,3450,06-05-2024
1440,Meera,Chennai,Laptop,Electronics,69837,1,69837,08-04-2024
1441,Anita,Delhi,Headphones,Accessories,2716,1,2716,17-10-2023
1442,Anita,Hyderabad,Phone,Electronics,30060,3,90180,26-01-2024
1443,Priya,Mumbai,Monitor,Electronics,11682,1,11682,13-02-2024
1444,Priya,Hyderabad,Keyboard,Accessories,1166,2,2332,17-02-2024
1445,Vikram,Bangalore,Phone,Electronics,29805,2,59610,18-03-2024
1446,Vikram,Delhi,Headphones,Accessories,2867,3,8601,09-04-2023
1447,Anita,Delhi,Keyboard,Accessories,1501,2,3002,02-02-2024
1448,Meera,Chennai,Table,Furniture,9592,2,19184,13-01-2024
1449,Neha,Bangalore,Table,Furniture,10145,2,20290,06-04-2023
1450,Rahul,Delhi,Chair,Furniture,8496,2,16992,18-08-2023
1451,Arun,Mumbai,Phone,Electronics,29797,2,59594,23-03-2024
1452,Priya,Mumbai,Monitor,Electronics,11652,1,11652,04-11-2023
1453,Sneha,Delhi,Table,Furniture,9802,3,29406,18-02-2023
1454,Rohit,Hyderabad,Laptop,Electronics,70025,1,70025,06-06-2024
1455,Kiran,Mumbai,Phone,Electronics,29975,3,89925,05-08-2024
1456,Vikram,Chennai,Monitor,Electronics,12099,1,12099,30-05-2024
1457,Rahul,Hyderabad,Mouse,Accessories,483,1,483,07-02-2024
1458,Rahul,Hyderabad,Table,Furniture,10397,3,31191,01-11-2023
1459,Anita,Delhi,Mouse,Accessories,1075,3,3225,05-04-2024
1460,Neha,Chennai,Chair,Furniture,8489,1,8489,05-08-2023
1461,Arun,Hyderabad,Monitor,Electronics,12392,3,37176,19-04-2023
1462,Kiran,Delhi,Laptop,Electronics,69505,2,139010,30-04-2023
1463,Rahul,Bangalore,Mouse,Accessories,771,3,2313,19-02-2024
1464,Neha,Mumbai,Monitor,Electronics,12133,3,36399,05-01-2024
1465,Kiran,Chennai,Phone,Electronics,29628,1,29628,15-01-2023
1466,Sneha,Hyderabad,Laptop,Electronics,70212,1,70212,28-01-2023
1467,Sneha,Mumbai,Headphones,Accessories,3165,1,3165,22-03-2024
1468,Rohit,Bangalore,Phone,Electronics,29808,2,59616,01-06-2023
1469,Meera,Mumbai,Laptop,Electronics,69619,1,69619,06-06-2023
1470,Meera,Mumbai,Mouse,Accessories,320,2,640,22-08-2024
1471,Sneha,Bangalore,Monitor,Electronics,12083,2,24166,22-02-2023
1472,Anita,Hyderabad,Phone,Electronics,30145,3,90435,18-03-2024
1473,Kiran,Mumbai,Monitor,Electronics,11537,2,23074,14-02-2024
1474,Meera,Delhi,Mouse,Accessories,537,3,1611,04-03-2023
1475,Rohit,Hyderabad,Table,Furniture,10090,2,20180,20-07-2024
1476,Priya,Chennai,Table,Furniture,10410,2,20820,30-04-2023
1477,Meera,Delhi,Chair,Furniture,7959,3,23877,22-03-2024
1478,Rahul,Bangalore,Monitor,Electronics,12243,1,12243,25-04-2024
1479,Anita,Mumbai,Keyboard,Accessories,1519,1,1519,14-12-2023
1480,Neha,Mumbai,Headphones,Accessories,3404,2,6808,04-02-2024
1481,Kiran,Chennai,Mouse,Accessories,1118,1,1118,01-08-2023
1482,Vikram,Hyderabad,Mouse,Accessories,432,1,432,24-07-2023
1483,Arun,Delhi,Mouse,Accessories,403,2,806,20-05-2024
1484,Vikram,Bangalore,Keyboard,Accessories,1570,1,1570,19-01-2023
1485,Anita,Chennai,Chair,Furniture,8193,1,8193,28-06-2023
1486,Rohit,Hyderabad,Phone,Electronics,29845,2,59690,27-04-2023
1487,Neha,Bangalore,Phone,Electronics,30075,1,30075,13-05-2024
1488,Vikram,Chennai,Chair,Furniture,8287,1,8287,24-07-2024
1489,Vikram,Bangalore,Phone,Electronics,30223,1,30223,24-03-2024
1490,Meera,Hyderabad,Phone,Electronics,30300,3,90900,15-04-2023
1491,Rohit,Hyderabad,Phone,Electronics,29671,3,89013,01-05-2023
1492,Sneha,Chennai,Headphones,Accessories,3245,2,6490,28-03-2024
1493,Rohit,Mumbai,Phone,Electronics,29657,3,88971,08-01-2024
1494,Anita,Bangalore,Phone,Electronics,30368,1,30368,25-03-2024
1495,Kiran,Hyderabad,Keyboard,Accessories,1854,2,3708,16-12-2023
1496,Vikram,Delhi,Headphones,Accessories,2587,2,5174,17-01-2024
1497,Kiran,Chennai,Keyboard,Accessories,1155,3,3465,07-03-2024
1498,Sneha,Bangalore,Table,Furniture,9923,2,19846,14-04-2024
1499,Rohit,Chennai,Laptop,Electronics,69953,1,69953,11-01-2023
1500,Rohit,Hyderabad,Phone,Electronics,29846,2,59692,16-02-2024
1501,Arun,Mumbai,Laptop,Electronics,69902,1,69902,04-06-2023
1502,Neha,Hyderabad,Monitor,Electronics,11929,2,23858,20-07-2024
1503,Vikram,Chennai,Chair,Furniture,7508,2,15016,24-06-2024
1504,Neha,Bangalore,Table,Furniture,9956,3,29868,30-07-2023
1505,Rohit,Delhi,Mouse,Accessories,1014,2,2028,19-02-2024
1506,Sneha,Chennai,Phone,Electronics,29537,3,88611,09-12-2023
1507,Kiran,Bangalore,Monitor,Electronics,11718,1,11718,07-06-2024
1508,Rohit,Chennai,Chair,Furniture,8275,3,24825,13-06-2023
1509,Rahul,Hyderabad,Monitor,Electronics,11747,2,23494,08-03-2024
1510,Rohit,Hyderabad,Laptop,Electronics,70361,2,140722,23-09-2023
1511,Rohit,Chennai,Phone,Electronics,29548,3,88644,08-05-2023
1512,Meera,Chennai,Laptop,Electronics,69964,2,139928,30-08-2023
1513,Neha,Delhi,Keyboard,Accessories,1358,2,2716,19-10-2023
1514,Neha,Bangalore,Table,Furniture,10032,3,30096,11-09-2023
1515,Priya,Chennai,Keyboard,Accessories,1842,2,3684,10-04-2024
1516,Priya,Bangalore,Table,Furniture,10348,2,20696,25-03-2023
1517,Priya,Hyderabad,Table,Furniture,10409,1,10409,02-05-2024
1518,Sneha,Mumbai,Phone,Electronics,29878,3,89634,22-06-2024
1519,Kiran,Delhi,Table,Furniture,10392,2,20784,21-08-2024
1520,Meera,Mumbai,Mouse,Accessories,1005,2,2010,02-03-2024
1521,Arun,Bangalore,Headphones,Accessories,2996,3,8988,13-04-2024
1522,Arun,Delhi,Phone,Electronics,30211,1,30211,11-04-2024
1523,Meera,Hyderabad,Headphones,Accessories,3466,3,10398,14-01-2024
1524,Priya,Delhi,Table,Furniture,9612,1,9612,14-01-2024
1525,Neha,Chennai,Laptop,Electronics,70035,1,70035,01-05-2023
1526,Anita,Chennai,Chair,Furniture,7810,2,15620,12-05-2024
1527,Rahul,Bangalore,Headphones,Accessories,3302,3,9906,07-03-2024
1528,Rahul,Chennai,Monitor,Electronics,11720,1,11720,15-05-2024
1529,Rahul,Hyderabad,Chair,Furniture,7569,1,7569,03-03-2024
1530,Meera,Delhi,Monitor,Electronics,12079,2,24158,12-12-2023
1531,Kiran,Mumbai,Headphones,Accessories,3280,1,3280,31-05-2024
1532,Meera,Mumbai,Mouse,Accessories,452,3,1356,30-11-2023
1533,Priya,Delhi,Table,Furniture,9896,1,9896,09-02-2024
1534,Anita,Delhi,Laptop,Electronics,70481,3,211443,29-03-2024
1535,Vikram,Hyderabad,Headphones,Accessories,3224,1,3224,08-08-2024
1536,Vikram,Delhi,Phone,Electronics,30159,3,90477,29-03-2023
1537,Sneha,Delhi,Laptop,Electronics,70480,3,211440,18-06-2024
1538,Sneha,Mumbai,Laptop,Electronics,69623,3,208869,28-06-2024
1539,Arun,Hyderabad,Monitor,Electronics,12305,1,12305,09-09-2023
1540,Neha,Mumbai,Phone,Electronics,30326,3,90978,25-11-2023
1541,Kiran,Delhi,Laptop,Electronics,70003,1,70003,15-12-2023
1542,Kiran,Bangalore,Table,Furniture,9524,3,28572,21-11-2023
1543,Kiran,Chennai,Phone,Electronics,29617,1,29617,08-07-2024
1544,Arun,Chennai,Headphones,Accessories,2687,2,5374,02-04-2023
1545,Arun,Chennai,Table,Furniture,10194,1,10194,02-03-2023
1546,Neha,Chennai,Headphones,Accessories,2527,3,7581,01-03-2023
1547,Vikram,Mumbai,Phone,Electronics,29827,1,29827,27-02-2024
1548,Anita,Chennai,Table,Furniture,10464,1,10464,23-02-2023
1549,Sneha,Bangalore,Keyboard,Accessories,1504,3,4512,31-05-2024
1550,Kiran,Hyderabad,Monitor,Electronics,11562,2,23124,20-04-2024
1551,Rohit,Mumbai,Phone,Electronics,29995,1,29995,22-02-2024
1552,Sneha,Hyderabad,Monitor,Electronics,12067,3,36201,14-04-2023
1553,Sneha,Delhi,Headphones,Accessories,2811,3,8433,21-02-2024
1554,Meera,Hyderabad,Keyboard,Accessories,1801,1,1801,18-01-2024
1555,Rohit,Bangalore,Keyboard,Accessories,1550,2,3100,22-07-2024
1556,Meera,Hyderabad,Laptop,Electronics,70332,2,140664,24-10-2023
1557,Arun,Hyderabad,Laptop,Electronics,70455,2,140910,07-10-2023
1558,Neha,Chennai,Table,Furniture,9859,3,29577,06-08-2023
1559,Neha,Delhi,Monitor,Electronics,11546,1,11546,30-06-2024
1560,Neha,Hyderabad,Monitor,Electronics,11591,2,23182,06-05-2023
1561,Arun,Delhi,Monitor,Electronics,12399,2,24798,04-08-2023
1562,Neha,Delhi,Chair,Furniture,8405,3,25215,17-12-2023
1563,Vikram,Mumbai,Monitor,Electronics,11751,3,35253,26-11-2023
1564,Anita,Bangalore,Mouse,Accessories,1282,3,3846,03-12-2023
1565,Rahul,Bangalore,Laptop,Electronics,70123,2,140246,05-01-2023
1566,Rahul,Bangalore,Table,Furniture,10069,3,30207,15-05-2024
1567,Kiran,Delhi,Phone,Electronics,30306,3,90918,21-03-2023
1568,Rohit,Hyderabad,Mouse,Accessories,988,1,988,28-12-2023
1569,Kiran,Delhi,Chair,Furniture,7896,1,7896,09-01-2023
1570,Priya,Mumbai,Chair,Furniture,8458,1,8458,31-03-2024
1571,Rahul,Bangalore,Laptop,Electronics,70276,2,140552,02-01-2024
1572,Sneha,Hyderabad,Monitor,Electronics,12327,3,36981,15-08-2023
1573,Sneha,Mumbai,Chair,Furniture,7537,2,15074,19-05-2024
1574,Neha,Bangalore,Laptop,Electronics,69700,3,209100,10-02-2024
1575,Priya,Chennai,Mouse,Accessories,474,3,1422,18-07-2023
1576,Neha,Delhi,Headphones,Accessories,2566,3,7698,12-05-2023
1577,Priya,Bangalore,Monitor,Electronics,12455,3,37365,22-08-2023
1578,Rohit,Chennai,Keyboard,Accessories,1868,3,5604,24-01-2023
1579,Rohit,Delhi,Monitor,Electronics,12197,3,36591,09-04-2024
1580,Rahul,Mumbai,Laptop,Electronics,70374,2,140748,18-03-2024
1581,Kiran,Chennai,Phone,Electronics,30196,3,90588,22-04-2024
1582,Meera,Chennai,Laptop,Electronics,70405,3,211215,18-08-2023
1583,Rahul,Chennai,Table,Furniture,10045,2,20090,20-11-2023
1584,Rahul,Mumbai,Keyboard,Accessories,1342,1,1342,08-08-2024
1585,Rahul,Bangalore,Table,Furniture,10480,1,10480,13-09-2023
1586,Sneha,Bangalore,Chair,Furniture,7818,1,7818,10-04-2023
1587,Rahul,Mumbai,Table,Furniture,10327,1,10327,09-12-2023
1588,Vikram,Bangalore,Phone,Electronics,29984,1,29984,15-12-2023
1589,Rahul,Chennai,Keyboard,Accessories,1966,1,1966,25-03-2024
1590,Priya,Mumbai,Phone,Electronics,29587,1,29587,04-02-2023
1591,Kiran,Chennai,Phone,Electronics,30301,1,30301,05-03-2023
1592,Meera,Hyderabad,Monitor,Electronics,12125,3,36375,18-03-2024
1593,Priya,Hyderabad,Laptop,Electronics,70072,1,70072,29-10-2023
1594,Kiran,Mumbai,Phone,Electronics,30132,2,60264,27-08-2023
1595,Neha,Delhi,Laptop,Electronics,69964,2,139928,20-04-2024
1596,Kiran,Delhi,Phone,Electronics,29847,3,89541,27-01-2023
1597,Meera,Delhi,Chair,Furniture,8101,1,8101,21-04-2023
1598,Priya,Hyderabad,Phone,Electronics,30107,1,30107,09-08-2024
1599,Arun,Delhi,Monitor,Electronics,11863,2,23726,07-05-2024
1600,Neha,Mumbai,Headphones,Accessories,2748,1,2748,15-02-2023
1601,Rahul,Bangalore,Monitor,Electronics,12098,2,24196,09-06-2024
1602,Anita,Chennai,Headphones,Accessories,2650,2,5300,13-11-2023
1603,Neha,Chennai,Monitor,Electronics,11877,1,11877,14-06-2024
1604,Neha,Bangalore,Laptop,Electronics,69743,3,209229,26-07-2024
1605,Rahul,Mumbai,Chair,Furniture,7700,1,7700,26-07-2023
1606,Priya,Chennai,Keyboard,Accessories,1683,2,3366,23-04-2024
1607,Neha,Chennai,Chair,Furniture,8130,2,16260,04-03-2024
1608,Anita,Bangalore,Phone,Electronics,29965,1,29965,22-05-2024
1609,Sneha,Hyderabad,Keyboard,Accessories,1709,1,1709,22-04-2024
1610,Neha,Bangalore,Keyboard,Accessories,1492,3,4476,06-12-2023
1611,Kiran,Bangalore,Table,Furniture,9688,1,9688,07-01-2024
1612,Rahul,Hyderabad,Chair,Furniture,7530,3,22590,28-04-2023
1613,Arun,Chennai,Mouse,Accessories,499,3,1497,22-08-2024
1614,Anita,Hyderabad,Laptop,Electronics,69703,1,69703,18-10-2023
1615,Arun,Bangalore,Monitor,Electronics,12236,1,12236,14-12-2023
1616,Rohit,Bangalore,Headphones,Accessories,2700,1,2700,30-06-2023
1617,Vikram,Hyderabad,Laptop,Electronics,70351,3,211053,21-05-2023
1618,Kiran,Hyderabad,Chair,Furniture,8458,1,8458,09-11-2023
1619,Meera,Bangalore,Chair,Furniture,8328,2,16656,25-06-2023
1620,Rohit,Delhi,Table,Furniture,10399,3,31197,08-03-2023
1621,Priya,Bangalore,Headphones,Accessories,3313,1,3313,16-07-2023
1622,Rohit,Mumbai,Chair,Furniture,7825,3,23475,15-03-2024
1623,Sneha,Hyderabad,Keyboard,Accessories,1874,3,5622,29-10-2023
1624,Arun,Chennai,Keyboard,Accessories,1054,3,3162,14-10-2023
1625,Arun,Delhi,Mouse,Accessories,514,3,1542,25-03-2023
1626,Meera,Delhi,Phone,Electronics,29671,3,89013,02-02-2024
1627,Rohit,Chennai,Mouse,Accessories,831,2,1662,03-07-2023
1628,Anita,Chennai,Mouse,Accessories,1032,2,2064,30-04-2024
1629,Vikram,Delhi,Table,Furniture,10153,3,30459,07-02-2023
1630,Sneha,Bangalore,Keyboard,Accessories,1462,1,1462,10-02-2024
1631,Sneha,Chennai,Table,Furniture,10410,2,20820,08-08-2024
1632,Arun,Chennai,Monitor,Electronics,12063,1,12063,18-05-2023
1633,Priya,Chennai,Mouse,Accessories,831,2,1662,24-08-2023
1634,Neha,Hyderabad,Mouse,Accessories,824,3,2472,11-12-2023
1635,Kiran,Mumbai,Mouse,Accessories,742,2,1484,12-01-2024
1636,Meera,Chennai,Monitor,Electronics,11891,1,11891,03-07-2023
1637,Meera,Bangalore,Monitor,Electronics,12160,1,12160,03-01-2024
1638,Priya,Chennai,Phone,Electronics,30304,2,60608,22-08-2023
1639,Priya,Hyderabad,Phone,Electronics,29868,1,29868,13-07-2024
1640,Sneha,Chennai,Keyboard,Accessories,1691,2,3382,14-09-2023
1641,Vikram,Chennai,Keyboard,Accessories,1722,3,5166,22-05-2023
1642,Rohit,Chennai,Laptop,Electronics,70288,2,140576,16-10-2023
1643,Anita,Mumbai,Table,Furniture,10341,3,31023,13-01-2023
1644,Meera,Delhi,Headphones,Accessories,3386,2,6772,22-08-2023
1645,Sneha,Bangalore,Mouse,Accessories,539,3,1617,19-07-2024
1646,Meera,Mumbai,Chair,Furniture,8310,1,8310,17-11-2023
1647,Sneha,Mumbai,Table,Furniture,9714,2,19428,05-04-2024
1648,Rohit,Hyderabad,Chair,Furniture,7642,3,22926,12-05-2023
1649,Vikram,Hyderabad,Mouse,Accessories,1129,3,3387,30-12-2023
1650,Anita,Bangalore,Table,Furniture,9935,3,29805,18-02-2024
1651,Rohit,Chennai,Chair,Furniture,8101,1,8101,04-08-2024
1652,Rahul,Bangalore,Headphones,Accessories,3500,2,7000,04-08-2024
1653,Neha,Delhi,Table,Furniture,9890,1,9890,05-02-2024
1654,Priya,Delhi,Table,Furniture,9692,2,19384,22-04-2023
1655,Anita,Delhi,Mouse,Accessories,954,2,1908,06-04-2023
1656,Arun,Hyderabad,Headphones,Accessories,2532,3,7596,15-05-2024
1657,Rahul,Bangalore,Keyboard,Accessories,1071,2,2142,18-10-2023
1658,Sneha,Bangalore,Monitor,Electronics,12175,3,36525,13-03-2023
1659,Meera,Hyderabad,Chair,Furniture,8030,1,8030,25-06-2023
1660,Anita,Mumbai,Table,Furniture,9660,1,9660,13-05-2023
1661,Rohit,Mumbai,Mouse,Accessories,1060,1,1060,03-02-2024
1662,Sneha,Bangalore,Keyboard,Accessories,1317,2,2634,01-05-2024
1663,Arun,Delhi,Monitor,Electronics,12101,1,12101,29-05-2024
1664,Meera,Chennai,Keyboard,Accessories,1007,1,1007,01-04-2024
1665,Priya,Mumbai,Keyboard,Accessories,1538,2,3076,05-08-2024
1666,Meera,Mumbai,Mouse,Accessories,889,1,889,04-04-2023
1667,Vikram,Mumbai,Chair,Furniture,8217,3,24651,01-11-2023
1668,Kiran,Delhi,Headphones,Accessories,2925,1,2925,03-07-2023
1669,Neha,Mumbai,Mouse,Accessories,693,3,2079,07-07-2023
1670,Neha,Hyderabad,Table,Furniture,10215,1,10215,03-09-2023
1671,Arun,Chennai,Monitor,Electronics,12182,1,12182,11-08-2023
1672,Meera,Mumbai,Phone,Electronics,29877,1,29877,18-04-2023
1673,Rohit,Chennai,Table,Furniture,9961,1,9961,16-09-2023
1674,Sneha,Delhi,Laptop,Electronics,69973,1,69973,16-03-2023
1675,Meera,Mumbai,Chair,Furniture,8263,2,16526,19-07-2023
1676,Kiran,Hyderabad,Laptop,Electronics,69756,1,69756,20-05-2023
1677,Anita,Mumbai,Mouse,Accessories,772,1,772,26-03-2023
1678,Rohit,Bangalore,Mouse,Accessories,443,2,886,13-10-2023
1679,Arun,Bangalore,Laptop,Electronics,70121,1,70121,01-07-2023
1680,Vikram,Hyderabad,Table,Furniture,9672,1,9672,12-01-2023
1681,Vikram,Bangalore,Mouse,Accessories,666,1,666,10-08-2023
1682,Rahul,Delhi,Keyboard,Accessories,1452,3,4356,18-02-2023
1683,Rohit,Hyderabad,Table,Furniture,10206,2,20412,30-03-2024
1684,Rahul,Delhi,Laptop,Electronics,69549,2,139098,26-07-2023
1685,Sneha,Chennai,Keyboard,Accessories,1204,1,1204,17-01-2023
1686,Kiran,Hyderabad,Laptop,Electronics,69845,1,69845,06-03-2023
1687,Sneha,Hyderabad,Headphones,Accessories,3241,1,3241,15-02-2023
1688,Kiran,Delhi,Phone,Electronics,30335,2,60670,27-11-2023
1689,Rohit,Bangalore,Keyboard,Accessories,1956,3,5868,09-02-2024
1690,Kiran,Hyderabad,Keyboard,Accessories,1218,1,1218,01-01-2024
1691,Anita,Bangalore,Laptop,Electronics,69911,3,209733,20-11-2023
1692,Rahul,Mumbai,Keyboard,Accessories,1469,1,1469,09-03-2023
1693,Vikram,Delhi,Chair,Furniture,7544,1,7544,12-08-2023
1694,Kiran,Chennai,Mouse,Accessories,404,3,1212,03-07-2024
1695,Neha,Bangalore,Monitor,Electronics,12482,1,12482,29-11-2023
1696,Kiran,Bangalore,Chair,Furniture,7679,3,23037,22-11-2023
1697,Meera,Hyderabad,Chair,Furniture,7518,3,22554,22-08-2024
1698,Meera,Mumbai,Keyboard,Accessories,1515,3,4545,14-01-2023
1699,Sneha,Hyderabad,Phone,Electronics,29816,1,29816,14-03-2024
1700,Sneha,Delhi,Phone,Electronics,29561,1,29561,19-01-2024
1701,Meera,Chennai,Keyboard,Accessories,1155,2,2310,29-07-2023
1702,Rahul,Bangalore,Mouse,Accessories,1056,2,2112,18-05-2023
1703,Vikram,Chennai,Laptop,Electronics,70033,2,140066,23-10-2023
1704,Rahul,Bangalore,Chair,Furniture,7850,1,7850,30-07-2023
1705,Rohit,Hyderabad,Keyboard,Accessories,1820,3,5460,16-08-2023
1706,Neha,Mumbai,Chair,Furniture,7687,2,15374,07-01-2023
1707,Priya,Mumbai,Phone,Electronics,30476,1,30476,23-02-2023
1708,Arun,Bangalore,Headphones,Accessories,2593,1,2593,16-07-2024
1709,Sneha,Bangalore,Phone,Electronics,29936,3,89808,23-04-2024
1710,Vikram,Bangalore,Keyboard,Accessories,1250,2,2500,30-06-2023
1711,Neha,Bangalore,Monitor,Electronics,11792,3,35376,04-04-2024
1712,Sneha,Chennai,Mouse,Accessories,381,2,762,12-02-2024
1713,Kiran,Bangalore,Mouse,Accessories,751,2,1502,01-06-2024
1714,Neha,Mumbai,Headphones,Accessories,3339,2,6678,21-01-2023
1715,Kiran,Mumbai,Phone,Electronics,30277,2,60554,04-07-2024
1716,Arun,Delhi,Headphones,Accessories,2763,2,5526,19-04-2024
1717,Vikram,Mumbai,Monitor,Electronics,11884,3,35652,07-05-2024
1718,Priya,Chennai,Headphones,Accessories,3232,2,6464,20-07-2023
1719,Arun,Bangalore,Laptop,Electronics,69513,3,208539,19-01-2024
1720,Meera,Mumbai,Table,Furniture,10462,2,20924,18-01-2024
1721,Kiran,Mumbai,Monitor,Electronics,12156,3,36468,14-03-2023
1722,Kiran,Hyderabad,Phone,Electronics,29894,3,89682,16-06-2023
1723,Sneha,Mumbai,Monitor,Electronics,12289,3,36867,23-12-2023
1724,Rohit,Mumbai,Chair,Furniture,8213,1,8213,30-01-2024
1725,Kiran,Bangalore,Keyboard,Accessories,1489,1,1489,06-01-2024
1726,Rahul,Bangalore,Monitor,Electronics,12119,2,24238,31-05-2023
1727,Vikram,Bangalore,Headphones,Accessories,2512,1,2512,05-04-2023
1728,Kiran,Mumbai,Phone,Electronics,30030,1,30030,09-03-2024
1729,Arun,Mumbai,Monitor,Electronics,12208,2,24416,27-05-2024
1730,Rohit,Mumbai,Monitor,Electronics,12251,2,24502,02-04-2023
1731,Priya,Delhi,Chair,Furniture,8333,1,8333,03-10-2023
1732,Sneha,Mumbai,Monitor,Electronics,11506,1,11506,18-05-2024
1733,Rahul,Hyderabad,Phone,Electronics,30292,3,90876,03-03-2024
1734,Rohit,Mumbai,Monitor,Electronics,12250,2,24500,24-06-2023
1735,Arun,Chennai,Headphones,Accessories,3220,1,3220,22-07-2023
1736,Meera,Bangalore,Phone,Electronics,29961,3,89883,06-08-2023
1737,Arun,Bangalore,Laptop,Electronics,70267,1,70267,16-07-2023
1738,Vikram,Mumbai,Mouse,Accessories,941,3,2823,22-04-2023
1739,Arun,Hyderabad,Monitor,Electronics,11587,2,23174,08-05-2023
1740,Vikram,Hyderabad,Chair,Furniture,7530,3,22590,29-08-2023
1741,Meera,Mumbai,Phone,Electronics,29509,1,29509,30-09-2023
1742,Rahul,Delhi,Laptop,Electronics,69599,1,69599,18-06-2024
1743,Rahul,Mumbai,Monitor,Electronics,12454,2,24908,29-04-2024
1744,Anita,Delhi,Table,Furniture,9844,2,19688,18-12-2023
1745,Anita,Bangalore,Chair,Furniture,8181,2,16362,23-01-2024
1746,Neha,Hyderabad,Chair,Furniture,8394,2,16788,13-04-2023
1747,Rahul,Mumbai,Table,Furniture,10242,1,10242,27-01-2023
1748,Neha,Hyderabad,Monitor,Electronics,12473,3,37419,12-09-2023
1749,Anita,Mumbai,Mouse,Accessories,827,2,1654,12-07-2023
1750,Rahul,Chennai,Laptop,Electronics,70148,2,140296,16-02-2023
1751,Anita,Mumbai,Keyboard,Accessories,1621,2,3242,14-02-2024
1752,Neha,Hyderabad,Chair,Furniture,7938,2,15876,13-04-2023
1753,Kiran,Chennai,Keyboard,Accessories,1729,1,1729,16-06-2024
1754,Neha,Delhi,Laptop,Electronics,69630,2,139260,31-03-2023
1755,Vikram,Delhi,Mouse,Accessories,472,2,944,29-04-2023
1756,Meera,Delhi,Keyboard,Accessories,1249,1,1249,24-06-2023
1757,Priya,Hyderabad,Table,Furniture,10232,1,10232,14-06-2023
1758,Anita,Mumbai,Monitor,Electronics,11725,3,35175,21-09-2023
1759,Meera,Hyderabad,Headphones,Accessories,3444,3,10332,18-05-2024
1760,Priya,Chennai,Keyboard,Accessories,1954,3,5862,08-03-2023
1761,Anita,Mumbai,Table,Furniture,10169,3,30507,29-07-2024
1762,Kiran,Bangalore,Keyboard,Accessories,1265,1,1265,25-10-2023
1763,Priya,Hyderabad,Phone,Electronics,29848,3,89544,12-07-2023
1764,Priya,Delhi,Chair,Furniture,7630,2,15260,25-01-2024
1765,Neha,Hyderabad,Monitor,Electronics,11563,3,34689,02-07-2024
1766,Sneha,Mumbai,Table,Furniture,9827,2,19654,10-05-2023
1767,Rohit,Delhi,Keyboard,Accessories,1109,2,2218,10-01-2023
1768,Rohit,Mumbai,Chair,Furniture,7648,2,15296,13-08-2023
1769,Meera,Mumbai,Headphones,Accessories,3115,2,6230,30-05-2023
1770,Rahul,Delhi,Chair,Furniture,7816,3,23448,07-05-2023
1771,Vikram,Delhi,Mouse,Accessories,946,1,946,21-05-2024
1772,Vikram,Mumbai,Laptop,Electronics,70329,2,140658,06-06-2023
1773,Sneha,Bangalore,Laptop,Electronics,70445,1,70445,14-05-2024
1774,Kiran,Chennai,Headphones,Accessories,2522,3,7566,06-02-2024
1775,Anita,Mumbai,Mouse,Accessories,656,2,1312,05-02-2024
1776,Priya,Delhi,Monitor,Electronics,11789,3,35367,19-07-2023
1777,Rohit,Mumbai,Phone,Electronics,29634,2,59268,17-08-2024
1778,Rahul,Chennai,Mouse,Accessories,970,1,970,14-08-2024
1779,Arun,Mumbai,Mouse,Accessories,598,1,598,03-08-2023
1780,Sneha,Bangalore,Laptop,Electronics,69870,3,209610,12-08-2024
1781,Priya,Bangalore,Table,Furniture,10473,2,20946,22-06-2023
1782,Rahul,Hyderabad,Chair,Furniture,8497,2,16994,03-07-2023
1783,Rahul,Hyderabad,Chair,Furniture,8107,2,16214,02-06-2023
1784,Kiran,Bangalore,Laptop,Electronics,69621,1,69621,11-02-2024
1785,Meera,Chennai,Headphones,Accessories,3168,3,9504,20-01-2024
1786,Priya,Mumbai,Table,Furniture,9781,3,29343,31-03-2024
1787,Anita,Hyderabad,Phone,Electronics,29619,1,29619,05-05-2023
1788,Meera,Delhi,Keyboard,Accessories,1023,3,3069,09-08-2024
1789,Neha,Mumbai,Monitor,Electronics,12210,3,36630,07-04-2023
1790,Neha,Bangalore,Table,Furniture,9995,3,29985,20-03-2024
1791,Vikram,Delhi,Headphones,Accessories,2601,2,5202,07-03-2023
1792,Rohit,Bangalore,Table,Furniture,10332,3,30996,21-01-2023
1793,Kiran,Delhi,Mouse,Accessories,365,3,1095,21-08-2024
1794,Rohit,Hyderabad,Keyboard,Accessories,1988,3,5964,01-05-2023
1795,Arun,Delhi,Headphones,Accessories,2505,3,7515,02-04-2024
1796,Anita,Hyderabad,Laptop,Electronics,69631,3,208893,31-07-2023
1797,Arun,Hyderabad,Monitor,Electronics,12371,1,12371,28-03-2023
1798,Priya,Delhi,Monitor,Electronics,11872,3,35616,25-06-2023
1799,Kiran,Hyderabad,Keyboard,Accessories,1307,1,1307,15-06-2024
1800,Vikram,Delhi,Mouse,Accessories,443,3,1329,17-05-2024
1801,Anita,Delhi,Chair,Furniture,8120,3,24360,06-06-2024
1802,Sneha,Hyderabad,Laptop,Electronics,69742,1,69742,12-07-2023
1803,Arun,Chennai,Keyboard,Accessories,1980,1,1980,19-07-2024
1804,Sneha,Delhi,Chair,Furniture,7784,1,7784,08-03-2024
1805,Priya,Delhi,Monitor,Electronics,11766,2,23532,17-06-2023
1806,Kiran,Mumbai,Phone,Electronics,30467,2,60934,11-03-2024
1807,Arun,Delhi,Keyboard,Accessories,1072,3,3216,03-10-2023
1808,Sneha,Chennai,Headphones,Accessories,2929,1,2929,20-11-2023
1809,Kiran,Mumbai,Laptop,Electronics,70487,3,211461,11-09-2023
1810,Priya,Chennai,Phone,Electronics,30044,1,30044,15-07-2024
1811,Kiran,Hyderabad,Chair,Furniture,8155,1,8155,07-01-2024
1812,Anita,Chennai,Headphones,Accessories,3389,1,3389,08-10-2023
1813,Rahul,Hyderabad,Table,Furniture,10492,1,10492,23-01-2024
1814,Priya,Hyderabad,Headphones,Accessories,3039,3,9117,10-11-2023
1815,Neha,Mumbai,Phone,Electronics,30041,2,60082,08-08-2024
1816,Vikram,Delhi,Monitor,Electronics,12122,1,12122,19-02-2023
1817,Arun,Chennai,Table,Furniture,9685,2,19370,28-06-2024
1818,Rohit,Delhi,Table,Furniture,9988,3,29964,11-05-2023
1819,Vikram,Hyderabad,Headphones,Accessories,3173,1,3173,27-05-2023
1820,Kiran,Delhi,Monitor,Electronics,11554,3,34662,15-01-2024
1821,Sneha,Delhi,Table,Furniture,10223,2,20446,07-07-2023
1822,Meera,Chennai,Mouse,Accessories,814,2,1628,10-10-2023
1823,Kiran,Delhi,Keyboard,Accessories,1312,3,3936,31-03-2023
1824,Vikram,Mumbai,Chair,Furniture,8365,1,8365,23-03-2023
1825,Priya,Bangalore,Phone,Electronics,29669,3,89007,28-02-2023
1826,Priya,Chennai,Mouse,Accessories,1127,1,1127,10-03-2024
1827,Rohit,Bangalore,Mouse,Accessories,809,3,2427,29-06-2024
1828,Priya,Mumbai,Laptop,Electronics,70131,1,70131,08-01-2023
1829,Kiran,Delhi,Chair,Furniture,7750,3,23250,24-06-2024
1830,Neha,Hyderabad,Mouse,Accessories,1287,1,1287,20-06-2024
1831,Sneha,Bangalore,Phone,Electronics,29875,1,29875,10-06-2024
1832,Anita,Hyderabad,Table,Furniture,10007,2,20014,24-06-2023
1833,Anita,Hyderabad,Chair,Furniture,8435,3,25305,13-09-2023
1834,Rohit,Hyderabad,Monitor,Electronics,11806,2,23612,28-10-2023
1835,Vikram,Bangalore,Laptop,Electronics,70255,3,210765,05-08-2024
1836,Kiran,Bangalore,Monitor,Electronics,12451,3,37353,11-06-2024
1837,Rahul,Mumbai,Mouse,Accessories,358,2,716,07-01-2023
1838,Neha,Mumbai,Chair,Furniture,7805,2,15610,20-04-2023
1839,Rahul,Chennai,Headphones,Accessories,2911,2,5822,10-01-2023
1840,Priya,Mumbai,Mouse,Accessories,502,1,502,25-06-2024
1841,Rohit,Bangalore,Table,Furniture,9626,2,19252,08-01-2023
1842,Arun,Chennai,Keyboard,Accessories,1481,2,2962,19-01-2024
1843,Vikram,Chennai,Table,Furniture,10413,1,10413,03-07-2024
1844,Vikram,Hyderabad,Mouse,Accessories,972,2,1944,15-06-2023
1845,Arun,Chennai,Table,Furniture,9505,2,19010,23-07-2023
1846,Priya,Bangalore,Monitor,Electronics,11541,1,11541,09-02-2024
1847,Kiran,Chennai,Laptop,Electronics,69664,3,208992,23-07-2023
1848,Meera,Chennai,Phone,Electronics,29931,2,59862,17-07-2024
1849,Meera,Bangalore,Chair,Furniture,8269,2,16538,28-05-2024
1850,Kiran,Bangalore,Phone,Electronics,30480,1,30480,22-01-2023
1851,Arun,Bangalore,Chair,Furniture,8012,1,8012,31-08-2023
1852,Rahul,Chennai,Table,Furniture,10499,3,31497,09-01-2023
1853,Kiran,Mumbai,Monitor,Electronics,11788,2,23576,26-03-2023
1854,Kiran,Bangalore,Headphones,Accessories,3246,3,9738,11-07-2023
1855,Sneha,Chennai,Phone,Electronics,30384,2,60768,11-09-2023
1856,Kiran,Bangalore,Mouse,Accessories,1023,1,1023,29-05-2024
1857,Neha,Bangalore,Keyboard,Accessories,1875,3,5625,02-06-2023
1858,Sneha,Hyderabad,Headphones,Accessories,2910,1,2910,08-10-2023
1859,Sneha,Bangalore,Table,Furniture,9518,3,28554,24-07-2023
1860,Priya,Hyderabad,Table,Furniture,9917,3,29751,10-11-2023
1861,Sneha,Bangalore,Chair,Furniture,7936,2,15872,04-03-2023
1862,Rohit,Mumbai,Laptop,Electronics,69811,1,69811,03-10-2023
1863,Anita,Chennai,Chair,Furniture,8228,2,16456,10-09-2023
1864,Anita,Hyderabad,Headphones,Accessories,2541,1,2541,23-02-2023
1865,Anita,Bangalore,Monitor,Electronics,11983,2,23966,14-04-2023
1866,Kiran,Bangalore,Monitor,Electronics,12471,2,24942,08-01-2024
1867,Anita,Chennai,Phone,Electronics,29599,3,88797,14-01-2023
1868,Rohit,Bangalore,Chair,Furniture,7869,3,23607,06-01-2024
1869,Neha,Delhi,Chair,Furniture,7743,3,23229,10-10-2023
1870,Sneha,Delhi,Table,Furniture,9589,1,9589,14-05-2023
1871,Neha,Hyderabad,Laptop,Electronics,70100,3,210300,15-07-2023
1872,Sneha,Mumbai,Phone,Electronics,29576,3,88728,18-12-2023
1873,Vikram,Mumbai,Keyboard,Accessories,1546,3,4638,07-06-2023
1874,Rahul,Bangalore,Keyboard,Accessories,1428,3,4284,16-09-2023
1875,Rohit,Chennai,Chair,Furniture,7959,3,23877,01-05-2023
1876,Kiran,Hyderabad,Mouse,Accessories,729,3,2187,30-05-2024
1877,Rahul,Bangalore,Monitor,Electronics,12213,1,12213,24-10-2023
1878,Rahul,Delhi,Laptop,Electronics,70313,3,210939,14-07-2023
1879,Kiran,Mumbai,Phone,Electronics,29669,2,59338,05-06-2024
1880,Kiran,Delhi,Table,Furniture,9910,3,29730,06-10-2023
1881,Sneha,Bangalore,Laptop,Electronics,69663,3,208989,12-08-2023
1882,Neha,Hyderabad,Mouse,Accessories,815,3,2445,21-06-2024
1883,Vikram,Chennai,Keyboard,Accessories,1303,3,3909,02-10-2023
1884,Rohit,Hyderabad,Headphones,Accessories,2729,1,2729,30-06-2024
1885,Sneha,Chennai,Laptop,Electronics,70154,1,70154,12-10-2023
1886,Arun,Chennai,Laptop,Electronics,70157,1,70157,04-08-2023
1887,Rohit,Hyderabad,Laptop,Electronics,70164,2,140328,13-01-2024
1888,Anita,Hyderabad,Monitor,Electronics,12239,1,12239,23-02-2024
1889,Neha,Chennai,Chair,Furniture,7558,3,22674,11-01-2023
1890,Anita,Bangalore,Monitor,Electronics,11680,2,23360,17-01-2023
1891,Rohit,Delhi,Phone,Electronics,30239,3,90717,27-01-2024
1892,Vikram,Delhi,Keyboard,Accessories,1836,2,3672,14-08-2023
1893,Anita,Chennai,Keyboard,Accessories,1595,3,4785,09-02-2024
1894,Arun,Mumbai,Keyboard,Accessories,1747,3,5241,20-03-2024
1895,Anita,Bangalore,Mouse,Accessories,395,2,790,05-07-2023
1896,Meera,Bangalore,Headphones,Accessories,2693,3,8079,17-05-2024
1897,Arun,Chennai,Laptop,Electronics,69817,1,69817,01-07-2023
1898,Kiran,Delhi,Keyboard,Accessories,1071,1,1071,15-03-2023
1899,Kiran,Bangalore,Mouse,Accessories,1230,3,3690,17-02-2024
1900,Priya,Delhi,Headphones,Accessories,3244,1,3244,13-04-2023
1901,Kiran,Mumbai,Laptop,Electronics,69612,1,69612,14-02-2023
1902,Arun,Bangalore,Phone,Electronics,29774,1,29774,14-01-2023
1903,Rahul,Hyderabad,Chair,Furniture,8373,3,25119,29-03-2023
1904,Sneha,Bangalore,Mouse,Accessories,1077,3,3231,30-03-2024
1905,Arun,Chennai,Chair,Furniture,7990,1,7990,07-09-2023
1906,Rahul,Delhi,Monitor,Electronics,12142,3,36426,07-05-2023
1907,Rahul,Hyderabad,Phone,Electronics,30057,2,60114,16-04-2023
1908,Rohit,Mumbai,Headphones,Accessories,2501,1,2501,25-01-2023
1909,Sneha,Mumbai,Table,Furniture,9650,2,19300,21-10-2023
1910,Sneha,Mumbai,Phone,Electronics,30003,1,30003,23-04-2023
1911,Sneha,Hyderabad,Monitor,Electronics,11865,1,11865,08-12-2023
1912,Priya,Chennai,Phone,Electronics,30417,1,30417,04-06-2023
1913,Arun,Mumbai,Chair,Furniture,8114,1,8114,11-03-2024
1914,Arun,Chennai,Monitor,Electronics,11856,1,11856,05-10-2023
1915,Meera,Chennai,Monitor,Electronics,12330,3,36990,20-03-2023
1916,Rahul,Bangalore,Headphones,Accessories,2827,1,2827,04-02-2024
1917,Meera,Mumbai,Phone,Electronics,29615,3,88845,13-03-2024
1918,Vikram,Bangalore,Phone,Electronics,29830,1,29830,06-07-2023
1919,Kiran,Chennai,Chair,Furniture,8006,2,16012,07-05-2024
1920,Kiran,Delhi,Chair,Furniture,7641,3,22923,09-09-2023
1921,Kiran,Mumbai,Mouse,Accessories,851,3,2553,19-05-2024
1922,Rohit,Delhi,Keyboard,Accessories,1393,1,1393,17-08-2024
1923,Kiran,Delhi,Keyboard,Accessories,1719,1,1719,29-08-2023
1924,Anita,Hyderabad,Keyboard,Accessories,1871,1,1871,07-01-2024
1925,Rohit,Mumbai,Headphones,Accessories,3443,1,3443,03-03-2023
1926,Anita,Chennai,Headphones,Accessories,2801,2,5602,28-05-2023
1927,Rohit,Mumbai,Keyboard,Accessories,1215,1,1215,27-02-2023
1928,Arun,Hyderabad,Headphones,Accessories,2886,3,8658,27-01-2023
1929,Kiran,Chennai,Laptop,Electronics,70218,1,70218,18-08-2024
1930,Priya,Mumbai,Headphones,Accessories,2530,1,2530,10-01-2024
1931,Arun,Hyderabad,Keyboard,Accessories,1078,1,1078,05-08-2024
1932,Kiran,Bangalore,Headphones,Accessories,2981,3,8943,24-05-2023
1933,Rohit,Chennai,Mouse,Accessories,721,3,2163,12-12-2023
1934,Meera,Hyderabad,Monitor,Electronics,11613,1,11613,03-03-2023
1935,Rahul,Delhi,Headphones,Accessories,3015,1,3015,12-01-2023
1936,Kiran,Mumbai,Mouse,Accessories,867,3,2601,22-09-2023
1937,Neha,Delhi,Monitor,Electronics,12226,1,12226,09-03-2024
1938,Arun,Chennai,Phone,Electronics,30034,2,60068,09-05-2023
1939,Sneha,Mumbai,Laptop,Electronics,69724,2,139448,08-07-2023
1940,Rohit,Delhi,Phone,Electronics,30336,3,91008,24-04-2024
1941,Meera,Chennai,Table,Furniture,10347,2,20694,18-06-2023
1942,Rahul,Chennai,Table,Furniture,9699,2,19398,22-04-2023
1943,Priya,Hyderabad,Chair,Furniture,8117,2,16234,29-01-2023
1944,Sneha,Chennai,Headphones,Accessories,3054,1,3054,08-03-2023
1945,Sneha,Delhi,Laptop,Electronics,70274,2,140548,12-07-2023
1946,Rohit,Bangalore,Laptop,Electronics,69746,2,139492,29-03-2023
1947,Neha,Delhi,Laptop,Electronics,70077,2,140154,16-02-2023
1948,Rahul,Chennai,Phone,Electronics,30466,2,60932,09-01-2023
1949,Anita,Chennai,Table,Furniture,10012,1,10012,19-11-2023
1950,Kiran,Chennai,Headphones,Accessories,3219,3,9657,10-04-2023
1951,Anita,Mumbai,Phone,Electronics,30014,1,30014,25-01-2023
1952,Neha,Mumbai,Mouse,Accessories,900,1,900,25-10-2023
1953,Arun,Bangalore,Mouse,Accessories,380,3,1140,06-04-2023
1954,Sneha,Bangalore,Headphones,Accessories,3287,3,9861,14-06-2023
1955,Rohit,Delhi,Chair,Furniture,7958,1,7958,14-12-2023
1956,Vikram,Chennai,Table,Furniture,9540,3,28620,01-02-2024
1957,Sneha,Bangalore,Phone,Electronics,30481,1,30481,03-08-2024
1958,Meera,Hyderabad,Laptop,Electronics,69646,2,139292,14-07-2024
1959,Priya,Mumbai,Phone,Electronics,29965,2,59930,23-06-2023
1960,Vikram,Bangalore,Phone,Electronics,29786,3,89358,08-01-2024
1961,Anita,Hyderabad,Phone,Electronics,29683,3,89049,16-04-2024
1962,Vikram,Mumbai,Monitor,Electronics,12281,2,24562,24-05-2023
1963,Priya,Delhi,Mouse,Accessories,340,2,680,21-10-2023
1964,Kiran,Mumbai,Headphones,Accessories,2951,2,5902,08-06-2024
1965,Neha,Chennai,Chair,Furniture,7585,3,22755,28-02-2024
1966,Rohit,Mumbai,Monitor,Electronics,12398,3,37194,13-02-2023
1967,Neha,Hyderabad,Keyboard,Accessories,1716,3,5148,09-01-2023
1968,Arun,Hyderabad,Monitor,Electronics,11884,1,11884,06-08-2024
1969,Kiran,Hyderabad,Keyboard,Accessories,1397,2,2794,06-04-2023
1970,Anita,Mumbai,Mouse,Accessories,957,3,2871,21-04-2024
1971,Priya,Hyderabad,Headphones,Accessories,3249,1,3249,11-02-2024
1972,Kiran,Bangalore,Table,Furniture,9836,1,9836,21-11-2023
1973,Anita,Delhi,Mouse,Accessories,517,3,1551,02-05-2024
1974,Priya,Chennai,Mouse,Accessories,339,3,1017,09-06-2023
1975,Meera,Bangalore,Keyboard,Accessories,1327,3,3981,02-02-2023
1976,Neha,Mumbai,Laptop,Electronics,70458,2,140916,16-03-2024
1977,Meera,Bangalore,Laptop,Electronics,69716,1,69716,09-03-2024
1978,Vikram,Chennai,Headphones,Accessories,2585,1,2585,12-03-2023
1979,Vikram,Mumbai,Phone,Electronics,29805,3,89415,07-04-2024
1980,Kiran,Delhi,Keyboard,Accessories,1685,2,3370,08-07-2023
1981,Rahul,Hyderabad,Table,Furniture,9850,2,19700,18-06-2023
1982,Sneha,Chennai,Table,Furniture,9993,2,19986,02-07-2024
1983,Arun,Mumbai,Chair,Furniture,8434,3,25302,07-08-2024
1984,Kiran,Hyderabad,Keyboard,Accessories,1079,3,3237,15-08-2024
1985,Neha,Bangalore,Chair,Furniture,8180,3,24540,21-11-2023
1986,Rahul,Bangalore,Mouse,Accessories,1256,1,1256,26-05-2024
1987,Anita,Hyderabad,Table,Furniture,9769,3,29307,04-01-2023
1988,Meera,Bangalore,Mouse,Accessories,954,3,2862,10-04-2023
1989,Rahul,Bangalore,Keyboard,Accessories,1430,3,4290,13-07-2024
1990,Arun,Delhi,Table,Furniture,9721,2,19442,03-08-2023
1991,Sneha,Delhi,Laptop,Electronics,69879,2,139758,17-01-2023
1992,Vikram,Chennai,Phone,Electronics,30216,2,60432,11-04-2024
1993,Kiran,Mumbai,Chair,Furniture,7860,3,23580,12-03-2024
1994,Rohit,Chennai,Phone,Electronics,30448,1,30448,14-04-2024
1995,Kiran,Chennai,Headphones,Accessories,3066,3,9198,16-06-2023
1996,Rohit,Mumbai,Table,Furniture,9791,3,29373,23-03-2024
1997,Vikram,Delhi,Phone,Electronics,29589,1,29589,02-04-2023
1998,Rahul,Delhi,Table,Furniture,9606,2,19212,11-07-2024
1999,Priya,Mumbai,Laptop,Electronics,70183,2,140366,06-03-2024
2000,Sneha,Bangalore,Mouse,Accessories,864,2,1728,28-04-2023
